{"id":"136d1a5a-b88c-4484-87bf-ef4732214c87","questionType":"MultiChoice","associatedQuestionId":"e1fd2871-f634-4c27-ae1a-dfd8711b2bf7","challengeId":"1ff9f558-7d48-4d4d-bf5d-b99997a11215","name":"Availability Options","targettedazureservice":"Generic/No Specific Service","difficulty":1,"description":"Understand between different availability models and SLAs","text":"Which of the below options gives you a Service Level Agreement of at least {SLA}?","textParameters":{"SLA":"99.8%"},"justification":"Knowing the Service Level Agreement (SLA) of your deployed resources allows you to understand the Cloud Provider's liability for the uptime of the resource, while also understanding the overall uptime of an end-to-end solution.","usefulLinks":["https://docs.microsoft.com/en-us/learn/paths/distinguish-microsoft-azure-core-services/","https://azure.microsoft.com/en-us/support/legal/sla/"],"urilist":null,"answerlist":[{"associatedquestionid":0,"answers":[{"Key":"A set 3 of VMs with Ultra Disk Storage for their OS and Data Disks outside of an Availability Set","Value":"false","ErrorMessage":"The compound SLA in this instance is 99.95% x 99.95% x 99.95% = 99.7%."},{"Key":"A set 4 of VMs with Standard SSD Disk Storage for their OS and Data Disks in an Availability Set.","Value":"true","ErrorMessage":"Since the VMs are in an Availability Set, at least 1 will have a connectivity SLA 99.95%."},{"Key":"A single VM with Standard SSD Disk Storage for it's OS and Data Disks in an Availability Set","Value":"false","ErrorMessage":"For the 99.95% SLA with an Availability Set, you need to deploy at least two VMs."},{"Key":"A single VM with Premium SSD Disk Storage for it's OS and Data Disks in an Availability Set","Value":"true","ErrorMessage":"Although for the 99.95% SLA with an Availability Set, you need to deploy at least two VMs, VMs with Premium SSD Storage on OS and Data Disks have an SLA of 99.95%."}],"responsetype":null}],"type":"AssignedQuestion"}