{"id":"18008c46-2e37-4620-babf-c7132eb7a1bc","questionType":"API","associatedQuestionId":"d336e77c-af35-42e6-beb7-f574f9f55b2f","challengeId":"1ff9f558-7d48-4d4d-bf5d-b99997a11215","name":"Create a new Azure SQL Database","targettedazureservice":"SQL Database","difficulty":1,"description":"Create a new Azure SQL Database with the specified configuration","text":"Create a SQL Database called {Profile.UserNameHashed}db on the {Profile.UserNameHashed}srv SQL Server (create a new Server if it does not exist) in the \"{Global.ResourceGroupName}\" Resource Group. The database and database server should be deployed in the {Global.PrimaryRegion} region. The database should be {DbTemplate}, {Edition} {Tier} database with {StorageSize} GB of storage space. It should have {Connectivity}. Collation should set to \"{Collation}\".","textParameters":{"Profile.UserNameHashed":null,"Global.ResourceGroupName":null,"Global.PrimaryRegion":null,"DbTemplate":"based on the Sample template","Edition":"Standard","Tier":"S1","StorageSize":"200","Connectivity":"Public access","Collation":"SQL_Latin1_General_CP1_CI_AS"},"justification":"Azure SQL Database is a general-purpose relational database managed service in Microsoft Azure that supports structures such as relational data, JSON, spatial, and XML.","usefulLinks":["https://docs.microsoft.com/en-us/azure/sql-database/sql-database-technical-overview"],"urilist":[{"id":0,"uri":"https://management.azure.com/subscriptions/{Profile.SubscriptionId}/resourceGroups/{Global.ResourceGroupName}/providers/Microsoft.Sql/servers/{Profile.UserNameHashed}srv/databases/{Profile.UserNameHashed}db?api-version=2017-10-01-preview","calltype":"GET","uriParameters":{"Profile.SubscriptionId":null,"Global.ResourceGroupName":"null","Profile.UserNameHashed":null},"requiresContributorAccess":false},{"id":1,"uri":"https://management.azure.com/subscriptions/{Profile.SubscriptionId}/resourceGroups/{Global.ResourceGroupName}/providers/Microsoft.Sql/servers/{Profile.UserNameHashed}srv?api-version=2019-06-01-preview","calltype":"GET","uriParameters":{"Profile.SubscriptionId":null,"Global.ResourceGroupName":"null","Profile.UserNameHashed":null},"requiresContributorAccess":false}],"answerlist":[{"associatedquestionid":0,"answers":[{"Key":"sku.capacity","Value":"20","ErrorMessage":"The database is not an S1 database"},{"Key":"properties.collation","Value":"SQL_Latin1_General_CP1_CI_AS","ErrorMessage":"The collation is incorrect"},{"Key":"properties.maxSizeBytes","Value":"214748364800","ErrorMessage":"The database size is incorrect"},{"Key":"location","Value":"westeurope","ErrorMessage":"The database region is incorrect"}],"responsetype":"BODY"},{"associatedquestionid":1,"answers":[{"Key":"properties.publicNetworkAccess","Value":"Enabled","ErrorMessage":"The server is not publicly accessible"},{"Key":"location","Value":"westeurope","ErrorMessage":"The server region is incorrect"}],"responsetype":"BODY"}],"type":"AssignedQuestion"}