{"id":"13c229cd-6ef6-4666-8422-651f4f8b5587","questionType":"MultiChoice","associatedQuestionId":"7a7bee96-c9a5-411d-9af4-f6ac50700bec","challengeId":"1ff9f558-7d48-4d4d-bf5d-b99997a11215","name":"Availability Options Use Cases","targettedazureservice":"Generic/No Specific Service","difficulty":1,"description":"Distinguish the minimum Availability Option for each use case.","text":"You need to deploy a {ServiceCriticality} {Service Type} which will be can be unavailable for no more than {UnavailabilityLenght} each {UnavailabilityPeriod}. Which of the following options satisfy your requirements?","textParameters":{"ServiceCriticality":"medium impact","Service Type":"SQL Server","UnavailabilityLenght":"1 hour","UnavailabilityPeriod":"month"},"justification":"Deciding on Availability Options for your service must always be aligned with your business needs and the criticality of the workload.","usefulLinks":["https://docs.microsoft.com/en-us/learn/paths/distinguish-microsoft-azure-core-services/"],"urilist":null,"answerlist":[{"associatedquestionid":0,"answers":[{"Key":"Use a VM Cluster of 2 or more VMs across an Availability Zone.","Value":"true","ErrorMessage":"This options provides 99.99% uptime, which is about 5 minutes of downtime per month."},{"Key":"Use a single VM with Ultra SSD Storage on all OS and Data Disks.","Value":"true","ErrorMessage":"This options provides 99.9% uptime, which is about 45 minutes of downtime per month."},{"Key":"Use a single VM with Standard SSD Storage on all OS and Data Disks.","Value":"false","ErrorMessage":"This options provides 99.5% uptime, which is about 3 hours and 40 minutes of downtime per month."},{"Key":"Use multiple VMs with Standard HDD Storage on all OS and Data Disks, in an Availability Set.","Value":"true","ErrorMessage":"Since the VMs are in an Availability Set, at least one is guaranteed to have connectivity with an SLA of 99.5%, which is about 22 minutes of downtime per month."}],"responsetype":null}],"type":"AssignedQuestion"}