{"id":"27722930-fe0e-4507-87c1-a742a8933e16","questionType":"MultiChoice","associatedQuestionId":"7e74bef7-870e-460c-9d1d-28495932722a","challengeId":"1ff9f558-7d48-4d4d-bf5d-b99997a11215","name":"IaaS vs PaaS vs SaaS","targettedazureservice":"Generic/No Specific Service","difficulty":1,"description":"Distinguish between the types of Cloud Services","text":"Which of the following options are considered to be {IaaSorPaaSorSaaS}.","textParameters":{"IaaSorPaaSorSaaS":"Platform-as-a-Service (PaaS)"},"justification":"Distinguishing between the different Cloud Service options allows you to correctly identify your level of responsibility for managing infrastructure, data, security and users.","usefulLinks":["https://docs.microsoft.com/en-us/learn/paths/explore-microsoft-azure-cloud-concepts/","https://azure.microsoft.com/en-us/overview/what-is-iaas/","https://azure.microsoft.com/en-us/overview/what-is-paas/","https://azure.microsoft.com/en-us/overview/what-is-saas/"],"urilist":null,"answerlist":[{"associatedquestionid":0,"answers":[{"Key":"Assigning a Power BI Pro license to a user.","Value":"false","ErrorMessage":"User-based subscription services such as Power BI are considered Software-as-a-Service."},{"Key":"Deploying a website in an Azure App Service resource.","Value":"true","ErrorMessage":"Managed service offerings are typically considered Platform-as-a-Service."},{"Key":"Creating a database in the Azure Database for MySQL service.","Value":"true","ErrorMessage":"Managed database services are typically considered Platform-as-a-Service."},{"Key":"Deploying a MySQL database server on a VM cluster in Azure.","Value":"false","ErrorMessage":"Typically Virtual Machine based workloads are considered Infrastructure-as-a-Service."}],"responsetype":null}],"type":"AssignedQuestion"}