{"id":"2ebac2a9-b357-4c60-a0e9-f09628817029","questionType":"API","associatedQuestionId":"d4cb46da-d476-46a3-8563-392363d1a195","challengeId":"1ff9f558-7d48-4d4d-bf5d-b99997a11215","name":"Add a Resource Group","targettedazureservice":"Resource Management","difficulty":1,"description":"Add a Resource Group with a specific name at a specific location","text":"Create a resource group with the name \"{Global.ResourceGroupName}\" in {Global.PrimaryRegion}.","textParameters":{"Global.ResourceGroupName":null,"Global.PrimaryRegion":null},"justification":"A Resource Group is a container that holds related resources for an Azure solution. The resource group includes those resources that you want to manage as a group. You decide which resources belong in a resource group based on what makes the most sense for your organization","usefulLinks":["https://docs.microsoft.com/en-us/azure/azure-resource-manager/management/overview#resource-groups"],"urilist":[{"id":0,"uri":"https://management.azure.com/subscriptions/{Profile.SubscriptionId}/resourcegroups/{Global.ResourceGroupName}?api-version=2019-10-01","calltype":"GET","uriParameters":{"Profile.SubscriptionId":null,"Global.ResourceGroupName":null},"requiresContributorAccess":false}],"answerlist":[{"associatedquestionid":0,"answers":null,"responsetype":"BODY"}],"type":"AssignedQuestion"}