{"id":"239760c4-3b3f-4a4a-8454-f1b5608c55da","questionType":"MultiChoice","associatedQuestionId":"5691eb1a-7925-46e7-8318-18a5510455d0","challengeId":"1ff9f558-7d48-4d4d-bf5d-b99997a11215","name":"Key Cloud Concepts Use Cases","targettedazureservice":"Generic/No Specific Service","difficulty":1,"description":"What concepts are the most important in the specified use case.","text":"{CompanyName} is looking to migrate their on-premises application to Azure. They need to ensure that their application is {Consideration1}, can {Consideration2}, will {Consideration3} and {Consideration4}. Which of the below considerations are most important in their use case?","textParameters":{"CompanyName":"Contoso","Consideration1":"accessible from multiple regions in the world","Consideration2":"run for prolonged periods with little downtime","Consideration3":"be able to automatically handle larger amounts of traffic","Consideration4":"allow their technical staff to provide a better service to their customers"},"justification":"It's best to always think about the benefits of Cloud directly through the business requirements of the workload/solution. This will ensure a successful deployment and maximum value.","usefulLinks":["https://docs.microsoft.com/en-us/learn/paths/explore-microsoft-azure-cloud-concepts/"],"urilist":null,"answerlist":[{"associatedquestionid":0,"answers":[{"Key":"Disaster Recovery, Scalability, Elasticity, Security","Value":"false","ErrorMessage":"Although the above are valid Cloud Concerns, they are not the key concerns for this use case."},{"Key":"High Availability, Elasticity, Technical skills, Security","Value":"false","ErrorMessage":"Although the above are valid Cloud Concerns, they are not the key concerns for this use case."},{"Key":"High Availability, Technical skills, Elasticity, Global Reach","Value":"true","ErrorMessage":"With High Availability, the application ca run for long periods of time with little downtime. Their technical staff can focus on their service rather than maintaining the hardware infrastructure. Elasticity will provide automatic scaling of their infrastructure. With the availability of tens of Azure location, they can achieve global customer reach"}],"responsetype":null}],"type":"AssignedQuestion"}