{"id":"2c29735c-2d02-4bca-9e4b-ddbe127936e0","questionType":"API","associatedQuestionId":"973cd394-42da-43df-9afb-a18d407bd21a","challengeId":"1ff9f558-7d48-4d4d-bf5d-b99997a11215","name":"Add tags to Resource Group","targettedazureservice":"Resource Management","difficulty":1,"description":"Add tags to an existing Resource Group","text":"Add {NumOfTags} tags to the {Global.ResourceGroupName} resource group. The tags will have the following names/values: {TagNameValueList}.","textParameters":{"NumOfTags":"2","Global.ResourceGroupName":null,"TagNameValueList":"Tag1 with value of Test, Tag2 with value of Engineering"},"justification":"You apply tags to your Azure resources, resource groups, and subscriptions to logically organize them into a taxonomy. Each tag consists of a name and a value pair. Tags can be especially useful for governance and billing purposes.","usefulLinks":["https://docs.microsoft.com/en-us/azure/azure-resource-manager/management/tag-resources"],"urilist":[{"id":0,"uri":"https://management.azure.com/subscriptions/{Profile.SubscriptionId}/resourcegroups/{Global.ResourceGroupName}?api-version=2019-10-01","calltype":"GET","uriParameters":{"Profile.SubscriptionId":null,"Global.ResourceGroupName":null},"requiresContributorAccess":false}],"answerlist":[{"associatedquestionid":0,"answers":[{"Key":"tags.Tag1","Value":"Test","ErrorMessage":"No tag with the name Tag1 or it's value is incorrect."},{"Key":"tags.Tag2","Value":"Engineering","ErrorMessage":"No tag with the name Tag2 or it's value is incorrect."}],"responsetype":"BODY"}],"type":"AssignedQuestion"}