{"id":"3cb41f47-6230-4c1f-aa1f-674ff53885ff","questionType":"MultiChoice","associatedQuestionId":"cd5b65e0-e05f-4d0c-927b-d9c7ad8bc26a","challengeId":"1ff9f558-7d48-4d4d-bf5d-b99997a11215","name":"Azure Service Use Cases","targettedazureservice":"Generic/No Specific Service","difficulty":1,"description":"Distinguish between Azure Service based on specific Use Cases","text":"Which of the following Azure Service would be most suitable for {Scenario}?","textParameters":{"Scenario":"sharing code amongst your developer team and automatically building and deploying your applications"},"justification":"Selecting the best Azure Service for each use case will typical give you the best results for solving the business problem, achieving maximum flexibility, scalability and minimizing cost.","usefulLinks":["https://docs.microsoft.com/en-us/learn/modules/identify-azure-solutions/"],"urilist":null,"answerlist":[{"associatedquestionid":0,"answers":[{"Key":"Azure App Service","Value":"false","ErrorMessage":"Azure App Service is used to host Web Application but is not suitable for code sharing."},{"Key":"Azure DevOps","Value":"true","ErrorMessage":"Azure DevOps is a fully managed code repository that allows sharing amongst developers with code build and deployment capabilities."},{"Key":"GitHub","Value":"true","ErrorMessage":"GitHub is a fully managed code repository that allows sharing amongst developers with code build and deployment capabilities."},{"Key":"Azure Blog Storage","Value":"false","ErrorMessage":"Azure Blob Storage only allows for storing/sharing files. It does not have code build and deployment capabilities."}],"responsetype":null}],"type":"AssignedQuestion"}