{"id":"3ab58ee5-c489-4bb1-8cd7-c448cdc8e1db","questionType":"MultiChoice","associatedQuestionId":"08483e72-3271-43de-8647-18106674a734","challengeId":"1ff9f558-7d48-4d4d-bf5d-b99997a11215","name":"Networking Services Use Cases","targettedazureservice":"Virtual Networks","difficulty":1,"description":"Distinguish between Networking Service in different Use Cases","text":"You have {Resource1} in {Subnet1} on the {VNet1} Virtual Network and {Resource2} in {Subnet2} on the {VNet2} Virtual Network. You want to {UseCase}. Which of the below options are valid?","textParameters":{"Resource1":"a Virtual Machine called VM1","Subnet1":"the Server subnet","VNet1":"VNet1","Resource2":"a Virtual Machine called VM2","Subnet2":"the Server subnet","VNet2":"VNet2","UseCase":"allow traffic between the VMs across the Virtual Networks and not through public interfaces"},"justification":"Azure Virtual Network (VNet) is the fundamental building block for your private network in Azure. VNet enables many types of Azure resources, such as Azure Virtual Machines (VM), to securely communicate with each other, the internet, and on-premises networks. VNet is similar to a traditional network that you'd operate in your own data center, but brings with it additional benefits of Azure's infrastructure such as scale, availability, and isolation.","usefulLinks":["https://docs.microsoft.com/en-us/azure/virtual-network/virtual-networks-overview"],"urilist":null,"answerlist":[{"associatedquestionid":0,"answers":[{"Key":"Add an Azure Firewall","Value":"false","ErrorMessage":"An Azure Firewall protects your Virtual Network resources, but is not intended for connecting different Virtual Networks between them."},{"Key":"Add an Azure Application Gateway","Value":"false","ErrorMessage":"An Azure Application Gateway is web load balancer and is not intended for connecting different Virtual Networks between them."},{"Key":"Configure Virtual Network Peering","Value":"true","ErrorMessage":"Virtual Network Peering connects different Virtual Networks between them to allow private connectivity between the resources in the VNets."},{"Key":"Add an additional Virtual Network","Value":"false","ErrorMessage":"Adding an additional Virtual Network will not enabled private connectivity between the Virtual Machines."}],"responsetype":null}],"type":"AssignedQuestion"}