{"id":"39362562-3486-4e46-a135-2f76a5fc6157","questionType":"MultiChoice","associatedQuestionId":"ae25707a-b094-447d-9ffd-dbd651fd0d59","challengeId":"1ff9f558-7d48-4d4d-bf5d-b99997a11215","name":"Azure Purchasing Options","targettedazureservice":"Generic/No Specific Service","difficulty":1,"description":"What purchasing options do customers have for acquiring an Azure Subscription","text":"Which of the below options are valid purchasing options for acquiring an Azure Subscription?","textParameters":{},"justification":"Azure offers flexible purchasing options, designed to fit your organizations size, needs and relationship with Microsoft or it's Partners.","usefulLinks":["https://docs.microsoft.com/en-us/learn/paths/explore-microsoft-azure-cloud-concepts/","https://azure.microsoft.com/en-us/pricing/purchase-options/","https://azure.microsoft.com/en-us/offers/ms-azr-0111p/"],"urilist":[],"answerlist":[{"associatedquestionid":0,"answers":[{"Key":"Directly from Azure.com","Value":"false","ErrorMessage":"You can buy Azure directly from Azure.com, using your Credit Card. You will be billed from Microsoft on a monthly basis."},{"Key":"From Microsoft Cloud Solution Provider Partners","Value":"false","ErrorMessage":"Microsoft Cloud Solution Provider (CSP) Partners are Azure resellers that offer a range of complete managed Azure solutions. You will be billed directly from the Partner based on your agreement with them."},{"Key":"From Microsoft resellers","Value":"false","ErrorMessage":"Apart from CSP Partner, Microsoft has additional Partners that resell Azure through Open Licensing. With this model. you purchase Azure in Monetary Commitment Credits, offering you a familiar purchasing model as other Microsoft software. The Monetary Credits can be used against any consumption-based Azure Service."},{"Key":"Through your Microsoft Enterprise Agreement","Value":"true","ErrorMessage":"Intended for large Enterprises that have an existing relationship with Microsoft, an Enterprise Agreement (EA) offers a flexible way to bundle Azure in your existing Microsoft agreement."},{"Key":"All of the above","Value":"false","ErrorMessage":"All the above choices are valid. Which choice is best for you depends on the size and needs of your organization."}],"responsetype":null}],"type":"AssignedQuestion"}