{"id":"3ab5062d-2a6b-4f5e-a2f0-4a6a831f6917","questionType":"MultiChoice","associatedQuestionId":"cd5b65e0-e05f-4d0c-927b-d9c7ad8bc26a","challengeId":"1ff9f558-7d48-4d4d-bf5d-b99997a11215","name":"Azure Service Use Cases","targettedazureservice":"Generic/No Specific Service","difficulty":1,"description":"Distinguish between Azure Service based on specific Use Cases","text":"Which of the following Azure Service would be most suitable for {Scenario}?","textParameters":{"Scenario":"processing terabytes of semi-structured data at a large scale using Python"},"justification":"Selecting the best Azure Service for each use case will typical give you the best results for solving the business problem, achieving maximum flexibility, scalability and minimizing cost.","usefulLinks":["https://docs.microsoft.com/en-us/learn/modules/identify-azure-solutions/"],"urilist":null,"answerlist":[{"associatedquestionid":0,"answers":[{"Key":"Azure HDInsight","Value":"true","ErrorMessage":"Azure HDInsight is a managed Big Data service that allows you to use (amongst other options) a Spark engine to process Terabytes of data using Python. "},{"Key":"Azure Data Lake Storage","Value":"false","ErrorMessage":"Azure Data Lake Storage is used to store Petabytes of data, but has no processing capabilities."},{"Key":"Azure SQL Database","Value":"false","ErrorMessage":"Although Azure SQL Database can store Petabytes of semi-structured data, it is not the preferred compute engine in such scenarios and does not currently support Python."},{"Key":"Azure Databricks","Value":"true","ErrorMessage":"Azure Databricks is a managed Big Data service that allows you to use Spark to process Terabytes of data using Python. "}],"responsetype":null}],"type":"AssignedQuestion"}