{"id":"3dab5a45-2928-4ca7-8b5e-3b49b179c697","questionType":"MultiChoice","associatedQuestionId":"fda3f8b7-ca0c-4b41-8df7-09136fdcaeb9","challengeId":"1ff9f558-7d48-4d4d-bf5d-b99997a11215","name":"Distinguish between Azure AD Use Cases","targettedazureservice":"Generic/No Specific Service","difficulty":1,"description":"Distinguish between Azure AD Use Cases","text":"Which of the following are features of {AzureADServiceType}?","textParameters":{"AzureADServiceType":"Azure Active Directory"},"justification":"Azure Active Directory (Azure AD) is Microsoft’s cloud-based identity and access management service, which helps your users sign in and access resources across your environment.","usefulLinks":["https://docs.microsoft.com/en-us/azure/active-directory/fundamentals/active-directory-whatis"],"urilist":null,"answerlist":[{"associatedquestionid":0,"answers":[{"Key":"Enables any Azure AD user to use Multi-Factor Authentication.","Value":"false","ErrorMessage":"You can create any number of Azure AD users, for those users to use MFA however you would need to apply the appropriate license depending on your scenario."},{"Key":"Enables Facebook users to use their credentials and access a Web Application using Azure AD B2C","Value":"true","ErrorMessage":"Azure AD B2C enables social logins to any modern Web Application."},{"Key":"Allow external vendors access to your internal resources through Azure B2B","Value":"true","ErrorMessage":"Azure B2B allows cross-organization trusted authentication. A vendor can use their own corporate credentials to access resources in your organization if this has been configured."},{"Key":"Block authentication requests from known malicious sources when using Identity Protection.","Value":"true","ErrorMessage":"Azure AD Identity Protection helps protect your identity and resources from known malicious sources."}],"responsetype":null}],"type":"AssignedQuestion"}