{"id":"453c2077-4a7e-4647-ac62-4284af0f720e","questionType":"API","associatedQuestionId":"94518bde-d153-45e5-95bf-c328737bab36","challengeId":"1ff9f558-7d48-4d4d-bf5d-b99997a11215","name":"Add a Storage Account","targettedazureservice":"Storage Services","difficulty":1,"description":"Add","text":"Create a new general purpose (v2) {Storage_Performance} {Storage_Replication} {Storage_Access_Tier} Storage Account in the \"{Global.ResourceGroupName}\" Resource Group, named {Profile.UserNameHashed}store. Leave all other options as their default values.","textParameters":{"Storage_Performance":"Standard,","Storage_Replication":"Locally Redundant,","Storage_Access_Tier":"Hot","Global.ResourceGroupName":null,"Profile.UserNameHashed":null},"justification":"Azure Storage is a Microsoft-managed service providing cloud storage that is highly available, secure, durable, scalable, and redundant.","usefulLinks":["https://docs.microsoft.com/en-us/azure/storage/"],"urilist":[{"id":0,"uri":"https://management.azure.com/subscriptions/{Profile.SubscriptionId}/resourceGroups/{Global.ResourceGroupName}/providers/Microsoft.Storage/storageAccounts/{Profile.UserNameHashed}store?api-version=2019-06-01","calltype":"GET","uriParameters":{"Profile.SubscriptionId":null,"Global.ResourceGroupName":null},"requiresContributorAccess":false}],"answerlist":[{"associatedquestionid":0,"answers":[{"Key":"sku.name","Value":"Standard_LRS","ErrorMessage":"Storage performance and/or replication tier is incorrect."},{"Key":"location","Value":"westeurope","ErrorMessage":"Location is incorrect."}],"responsetype":"BODY"}],"type":"AssignedQuestion"}