{"id":"4c3ad7e0-d120-438e-9e91-be09fad3af3a","questionType":"MultiChoice","associatedQuestionId":"81406dbb-65e8-4cca-837e-409b6f2b4139","challengeId":"1ff9f558-7d48-4d4d-bf5d-b99997a11215","name":"Select the best compute target","targettedazureservice":"Compute","difficulty":1,"description":"Distinguish between the capabilities of different compute options and selecting the best option","text":"Which of the following options is the best if you need to {ComputeSpecification}?","textParameters":{"ComputeSpecification":"deploy a Windows-based desktop application"},"justification":"Azure providers us with many different types of compute capabilities. We should make sure we are using the option that aligns with our business requirements, has the least overhead from a manageability aspect and minimizes cost.","usefulLinks":["https://docs.microsoft.com/en-us/learn/modules/define-core-azure-services-products/"],"urilist":null,"answerlist":[{"associatedquestionid":0,"answers":[{"Key":"Azure Functions","Value":"false","ErrorMessage":"Azure Functions are mostly used for running code that responds to event and cannot host Windows desktop applications."},{"Key":"Azure Virtual Machine","Value":"true","ErrorMessage":"A VM is a good choice to host Windows desktop applications"},{"Key":"Azure Web App","Value":"false","ErrorMessage":"Azure Web Apps are used to host Web Applications and not Windows desktop application."},{"Key":"Azure Container Instances","Value":"false","ErrorMessage":"Windows desktop applications cannot be package and hosted on Azure Container Instances."}],"responsetype":null}],"type":"AssignedQuestion"}