{"id":"435d2b58-0765-4450-b44c-5411f1667a00","questionType":"MultiChoice","associatedQuestionId":"cd5b65e0-e05f-4d0c-927b-d9c7ad8bc26a","challengeId":"1ff9f558-7d48-4d4d-bf5d-b99997a11215","name":"Azure Service Use Cases","targettedazureservice":"Generic/No Specific Service","difficulty":1,"description":"Distinguish between Azure Service based on specific Use Cases","text":"Which of the following Azure Service would be most suitable for {Scenario}?","textParameters":{"Scenario":"securing a Web Application against the OWASP Top 10 and only allowing traffic towards a backend Application Server with no public connectivity from the Web Application"},"justification":"Selecting the best Azure Service for each use case will typical give you the best results for solving the business problem, achieving maximum flexibility, scalability and minimizing cost.","usefulLinks":["https://docs.microsoft.com/en-us/learn/modules/identify-azure-solutions/"],"urilist":null,"answerlist":[{"associatedquestionid":0,"answers":[{"Key":"Azure Application Gateway","Value":"true","ErrorMessage":"Azure Application Gateway providers a Web Application Firewall that protects against the most common web application attack vectors (named the OWASP Top 10). The Azure Application Gateway would need to be deployed to protect the web application."},{"Key":"Azure Firewall","Value":"false","ErrorMessage":"Although it might be useful, you can achieve the outcome without an Azure Firewall."},{"Key":"Azure Network Security Groups","Value":"true","ErrorMessage":"Using NSGs will allow you to filter and allow traffic only from the Web Application to the backed Application server."},{"Key":"Azure Advisor","Value":"false","ErrorMessage":"Azure Advisor will possibly recommend protective measures against the security considerations noted, but is not required to achieve the solution."}],"responsetype":null}],"type":"AssignedQuestion"}