{"id":"5e4629ae-fb8b-4e23-8935-328290c2299c","questionType":"MultiChoice","associatedQuestionId":"08483e72-3271-43de-8647-18106674a734","challengeId":"1ff9f558-7d48-4d4d-bf5d-b99997a11215","name":"Networking Services Use Cases","targettedazureservice":"Virtual Networks","difficulty":1,"description":"Distinguish between Networking Service in different Use Cases","text":"You have {Resource1} in {Subnet1} on the {VNet1} Virtual Network and {Resource2} in {Subnet2} on the {VNet2} Virtual Network. You want to {UseCase}. Which of the below options are valid?","textParameters":{"Resource1":"a Virtual Machine called VM1","Subnet1":"the Server subnet","VNet1":"VNet1","Resource2":"a Virtual Machine called VM2","Subnet2":"the Databases subnet","VNet2":"VNet1","UseCase":"allow traffic between the VMs only over port 1433"},"justification":"Azure Virtual Network (VNet) is the fundamental building block for your private network in Azure. VNet enables many types of Azure resources, such as Azure Virtual Machines (VM), to securely communicate with each other, the internet, and on-premises networks. VNet is similar to a traditional network that you'd operate in your own data center, but brings with it additional benefits of Azure's infrastructure such as scale, availability, and isolation.","usefulLinks":["https://docs.microsoft.com/en-us/azure/virtual-network/virtual-networks-overview"],"urilist":null,"answerlist":[{"associatedquestionid":0,"answers":[{"Key":"Deploy an Azure Firewall.","Value":"false","ErrorMessage":"An Azure Firewall primary protects your Virtual Network resources from external traffic. There is an easier solution to this problem."},{"Key":"Configure Virtual Network Peering.","Value":"false","ErrorMessage":"Virtual Network Peering is used to connect different Azure Virtual Networks privately. In our case, this does not help."},{"Key":"Create and assign a Network Security Group.","Value":"true","ErrorMessage":"Network Security Groups (NSGs) are the building blocks to define network security rules on a Virtual Network. Using these, we can limit traffic between resources on IP, port and/or protocol."},{"Key":"Deploy a Virtual Private Network Gateway","Value":"false","ErrorMessage":"Virtual Private Network (VPN) Gateways are used to connect remote networks to an Azure Virtual Network. In our case, this does not help."}],"responsetype":null}],"type":"AssignedQuestion"}