{"id":"5a3c29be-ea44-431d-a97d-1a6c95041258","questionType":"MultiChoice","associatedQuestionId":"f7b016f5-3260-4b53-8b28-69d76459428f","challengeId":"1ff9f558-7d48-4d4d-bf5d-b99997a11215","name":"Distinguish between capabilities of Azure Information Protection","targettedazureservice":"Generic/No Specific Service","difficulty":1,"description":"Distinguish between capabilities of Azure Information Protection","text":"Which of the following options are true about Azure Information Protection?","textParameters":{},"justification":"Azure Information Protection (AIP) is a cloud-based solution that enables organizations to classify and protect documents and emails by applying labels. Labels can be applied manually, automatically or though a combination of both.","usefulLinks":["https://docs.microsoft.com/en-us/azure/information-protection/what-is-information-protection","https://docs.microsoft.com/en-us/learn/modules/review-security-tools-features"],"urilist":null,"answerlist":[{"associatedquestionid":0,"answers":[{"Key":"Automatically classify a document containing Credit Card numbers in SharePoint online.","Value":"true","ErrorMessage":"Azure Information Protection has many built-in information types to help with easily classifying information."},{"Key":"Automatically encrypt documents classified as sensitive.","Value":"true","ErrorMessage":"Azure Information Protection uses the Rights Management Service (RMS) which can encrypt and protect documents."},{"Key":"Protect sensitive data in a database from being accessed or copied.","Value":"false","ErrorMessage":"Azure Information Protection cannot protect data in databases."},{"Key":"Protect a sensitive email so that only authorized users can view, forward or print it.","Value":"true","ErrorMessage":"Azure Information Protection can apply policies to email messages ensuring only the right people can view, forward or print it."}],"responsetype":null}],"type":"AssignedQuestion"}