{"id":"5753c86e-beeb-4334-8519-58e1c7163bb3","questionType":"MultiChoice","associatedQuestionId":"f8529f75-1f25-4990-9268-f9b593c1c81e","challengeId":"1ff9f558-7d48-4d4d-bf5d-b99997a11215","name":"Data Storage Use Cases","targettedazureservice":"Generic/No Specific Service","difficulty":1,"description":"Distinguish between Azure Data Service options and select the best option","text":"Which is the best Data Service option on Azure to store {DataCharacteristics}?","textParameters":{"DataCharacteristics":"large archives for long term storage "},"justification":"Depending on the data source, access patterns and data volumes, selecting the right Azure Data Service is critical for achieving your business goals. ","usefulLinks":["https://docs.microsoft.com/en-us/learn/modules/define-core-azure-services-products"],"urilist":null,"answerlist":[{"associatedquestionid":0,"answers":[{"Key":"Azure SQL Database","Value":"false","ErrorMessage":"Azure SQL Database is more suitable for structured data that is accessed via queries."},{"Key":"Azure Blob Storage - Hot access tier","Value":"false","ErrorMessage":"Although Azure Blob Storage is the correct service for this type of data, the Hot access is more suitable for frequently access data."},{"Key":"Azure Blob Storage - Archive access tier","Value":"true","ErrorMessage":"Azure Blob Storage is the most suitable service for this type of data. Storing them in the Archive tier will save on costs, since the data will not accessed frequently."},{"Key":"Azure Cosmos Db","Value":"false","ErrorMessage":"Azure Cosmos Db is a high-throughput transactional database that primarily stores JSON data."}],"responsetype":null}],"type":"AssignedQuestion"}