{"id":"653abb49-33e5-4dcc-9b60-a3ce81ebe450","questionType":"MultiChoice","associatedQuestionId":"ae25707a-b094-447d-9ffd-dbd651fd0d59","challengeId":"1ff9f558-7d48-4d4d-bf5d-b99997a11215","name":"Azure Purchasing Options","targettedazureservice":"Generic/No Specific Service","difficulty":1,"description":"What purchasing options do customers have for acquiring an Azure Subscription","text":"Which of the below options are valid purchasing options for acquiring an Azure Subscription?","textParameters":{},"justification":"Azure offers flexible purchasing options, designed to fit your organizations size, needs and relationship with Microsoft or it's Partners.","usefulLinks":["https://docs.microsoft.com/en-us/learn/paths/explore-microsoft-azure-cloud-concepts/","https://azure.microsoft.com/en-us/pricing/purchase-options/","https://azure.microsoft.com/en-us/offers/ms-azr-0111p/"],"urilist":null,"answerlist":[{"associatedquestionid":0,"answers":[{"Key":"123","Value":"false","ErrorMessage":"123"}],"responsetype":null}],"type":"AssignedQuestion"}