{"id":"63196b21-5579-425c-9e1a-583f2966c479","questionType":"MultiChoice","associatedQuestionId":"f62471f5-d790-44a3-8db9-8857f0735e13","challengeId":"1ff9f558-7d48-4d4d-bf5d-b99997a11215","name":"Distinguish between different Azure Governance use cases","targettedazureservice":"Generic/No Specific Service","difficulty":1,"description":"Distinguish between different Azure Governance use cases","text":"Which of the below Governance options should you consider {UseCase}?","textParameters":{"UseCase":"when you need to ensure you are in compliance with a Compliance authority"},"justification":"Governance of any infrastructure is extremely important. It is the foundation for ensuring your optimally manage, secure and monitor your Cloud infrastructure.","usefulLinks":["https://docs.microsoft.com/en-us/learn/modules/describe-azure-governance-methodologie/"],"urilist":null,"answerlist":[{"associatedquestionid":0,"answers":[{"Key":"Azure Security Center","Value":"true","ErrorMessage":"Azure Security Center will help expose your level of compliance towards a Compliance authority."},{"Key":"Azure Policy","Value":"true","ErrorMessage":"Azure Policy is the foundational component to define one or more requirements that a Compliance authority demands."},{"Key":"Azure Firewall","Value":"false","ErrorMessage":"Although some Compliance authority need certain technical controls, Azure Firewall is not typically though of as a Governance component."},{"Key":"Azure Policy Initiatives","Value":"true","ErrorMessage":"Individual Azure Policies can be grouped using Policy Initiatives to more easily manage and maintain a set of requirements."}],"responsetype":null}],"type":"AssignedQuestion"}