{"id":"6ea75609-ed8d-4100-96a3-373a713ea40f","questionType":"MultiChoice","associatedQuestionId":"81406dbb-65e8-4cca-837e-409b6f2b4139","challengeId":"1ff9f558-7d48-4d4d-bf5d-b99997a11215","name":"Select the best compute target","targettedazureservice":"Compute","difficulty":1,"description":"Distinguish between the capabilities of different compute options and selecting the best option","text":"Which of the following options is the best if you need to {ComputeSpecification}?","textParameters":{"ComputeSpecification":"run a piece of code that responds to an Azure event with minimal configuration"},"justification":"Azure providers us with many different types of compute capabilities. We should make sure we are using the option that aligns with our business requirements, has the least overhead from a manageability aspect and minimizes cost.","usefulLinks":["https://docs.microsoft.com/en-us/learn/modules/define-core-azure-services-products/"],"urilist":null,"answerlist":[{"associatedquestionid":0,"answers":[{"Key":"Azure Container Instance","Value":"false","ErrorMessage":"Although you can package the code in a container and run it this way, it is not the best/easiest in this scenario."},{"Key":"Azure Kubernetes Service","Value":"false","ErrorMessage":"Although you can package the code in a container and run it this way, it is not the best/easiest in this scenario."},{"Key":"Azure Virtual Machine","Value":"false","ErrorMessage":"Although you can deploy the code in a VM and configure it to run, it is not the best/easiest in this scenario."},{"Key":"Azure Function","Value":"true","ErrorMessage":"This is the easiest option."}],"responsetype":null}],"type":"AssignedQuestion"}