{"id":"62233a28-1948-46bd-bb17-e093b91fa2e0","questionType":"API","associatedQuestionId":"ef1ea01b-e4c5-44be-8442-294850928b44","challengeId":"1ff9f558-7d48-4d4d-bf5d-b99997a11215","name":"Create and configure a NSG","targettedazureservice":"Virtual Networks","difficulty":1,"description":"Create and configure a NSG","text":"Create a new Network Security Group called {NSGName} in the {Global.ResourceGroupName} Resource Group in the {Global.PrimaryRegion} region. Once created, associate the NSG to the {Global.PrimaryVNEt} Virtual Network with the {Global.PrimaryVNetSubnetName}. Create an {BlockOrDeny} {InboudOrOutbound} rule name {RuleName} which filters traffic from any {SourceType} to {DestinationType} on ports {Ports} and {Protocol}. Assign it a priority of {Priority}.","textParameters":{"NSGName":"MyFirstNSG","Global.ResourceGroupName":null,"Global.PrimaryRegion":null,"Global.PrimaryVNEt":null,"Global.PrimaryVNetSubnetName":null,"BlockOrDeny":"deny","InboudOrOutbound":"inbound","RuleName":"HDIDeny","SourceType":"HDIsnight Azure resource","DestinationType":"the Virtual Network","Ports":"1234 through 1400","Protocol":"the TCP protocol","Priority":"100"},"justification":"Azure Network Security Groups allow you to define a set of rules that allow or deny traffic between two network endpoints, using NSG rules.","usefulLinks":["https://docs.microsoft.com/en-us/azure/virtual-network/security-overview"],"urilist":[{"id":0,"uri":"https://management.azure.com/subscriptions/{Profile.SubscriptionId}/resourceGroups/{Global.ResourceGroupName}/providers/Microsoft.Network/networkSecurityGroups/{NSGName}?api-version=2020-05-01","calltype":"GET","uriParameters":{"Profile.SubscriptionId":null,"Global.ResourceGroupName":null,"NSGName":"MyFirstNSG"},"requiresContributorAccess":false}],"answerlist":[{"associatedquestionid":0,"answers":[{"Key":"location","Value":"westeurope","ErrorMessage":"The location of the NSG is incorrect"},{"Key":"properties.securityRules.name","Value":"HDIDeny","ErrorMessage":"You have no correctly named rule in your NSG"},{"Key":"properties.securityRules[name=HDIDeny].properties.protocol","Value":"TCP","ErrorMessage":"The rule protocol is incorrect"},{"Key":"properties.securityRules[name=HDIDeny].properties.destinationPortRange","Value":"1234-1400","ErrorMessage":"The destination ports are incorrect"},{"Key":"properties.securityRules[name=HDIDeny].properties.sourceAddressPrefix","Value":"HDInsight","ErrorMessage":"The traffic source configuration is incorrect."},{"Key":"properties.securityRules[name=HDIDeny].properties.destinationAddressPrefix","Value":"VirtualNetwork","ErrorMessage":"The traffic destination configured is incorrect."},{"Key":"properties.securityRules[name=HDIDeny].properties.access","Value":"Deny","ErrorMessage":"Your rule is not a blocking rule."},{"Key":"properties.securityRules[name=HDIDeny].properties.priority","Value":"100","ErrorMessage":"The rule has an incorrect priority assigned."},{"Key":"properties.securityRules[name=HDIDeny].properties.direction","Value":"Inbound","ErrorMessage":"The rule is not an inbound rule."},{"Key":"properties.subnets.id","Value":"/subscriptions/{Profile.SubscriptionId}/resourceGroups/{Global.ResourceGroupName}/providers/Microsoft.Network/virtualNetworks/{Global.PrimaryVNEt}/subnets/{Global.PrimaryVNetSubnetName}","ErrorMessage":"You're rule is not assigned on the correct subnet."}],"responsetype":"BODY"}],"type":"AssignedQuestion"}