{"id":"613c5aad-8850-41b5-ba78-1ff096eca097","questionType":"API","associatedQuestionId":"a70e3f36-d1c0-4396-81a9-cfe67bcd284c","challengeId":"1ff9f558-7d48-4d4d-bf5d-b99997a11215","name":"Assign a Policy (no parameters)","targettedazureservice":"Resource Management","difficulty":1,"description":"Assign a Policy without any Parameters","text":"Assign the {PolicyTemplate} policy to the {Scope}. Name the assignment {Profile.UserNameHashed}policy and make sure it is Enabled.","textParameters":{"PolicyTemplate":"\"Audit resource location matches resource group location\"","Scope":"MyTestResouceGroup Resource Group","Profile.UserNameHashed":null},"justification":"Azure Policy helps to enforce organizational standards and to assess compliance at-scale. Through its compliance dashboard, it provides an aggregated view to evaluate the overall state of the environment, with the ability to drill-down to the per-resource, per-policy granularity. It also helps to bring your resources to compliance through bulk remediation for existing resources and automatic remediation for new resources.","usefulLinks":["https://docs.microsoft.com/en-us/learn/modules/describe-azure-governance-methodologie","https://docs.microsoft.com/en-us/azure/governance/policy/overview"],"urilist":[{"id":0,"uri":"https://management.azure.com/subscriptions/{Profile.SubscriptionId}/providers/Microsoft.Authorization/policyAssignments?api-version=2019-09-01","calltype":"GET","uriParameters":{"Profile.SubscriptionId":null},"requiresContributorAccess":false}],"answerlist":[{"associatedquestionid":0,"answers":[{"Key":"value[properties**displayName={Profile.UserNameHashed}policy].properties.displayName","Value":"{Profile.UserNameHashed}policy","ErrorMessage":"The policy assignment name is incorrect."},{"Key":"value[properties**displayName={Profile.UserNameHashed}policy].properties.scope","Value":"/subscriptions/{Profile.SubscriptionId}/resourceGroups/MyTestResourceGroup","ErrorMessage":"The assignment scope is incorrect."}],"responsetype":"BODY"}],"type":"AssignedQuestion"}