{"id":"6a3b5be9-ee60-4345-8437-fb7d03cc9ffa","questionType":"MultiChoice","associatedQuestionId":"81406dbb-65e8-4cca-837e-409b6f2b4139","challengeId":"1ff9f558-7d48-4d4d-bf5d-b99997a11215","name":"Select the best compute target","targettedazureservice":"Compute","difficulty":1,"description":"Distinguish between the capabilities of different compute options and selecting the best option","text":"Which of the following options is the best if you need to {ComputeSpecification}?","textParameters":{"ComputeSpecification":"create a large microservices based application and deploy to a managed orchestrator"},"justification":"Azure providers us with many different types of compute capabilities. We should make sure we are using the option that aligns with our business requirements, has the least overhead from a manageability aspect and minimizes cost.","usefulLinks":["https://docs.microsoft.com/en-us/learn/modules/define-core-azure-services-products/"],"urilist":null,"answerlist":[{"associatedquestionid":0,"answers":[{"Key":"Azure Container Instances","Value":"false","ErrorMessage":"Although microservices can be based on containers and deployed to Azure Container Instances, ACI is not an orchestrator so manageability will be quite hard."},{"Key":"Kubernetes cluster created using Azure Virtual Machines","Value":"false","ErrorMessage":"Although Kubernetes is the de facto container orchestrator currently, creating your own cluster on Azure VMs is a self-managed option."},{"Key":"Azure Kubernetes Service","Value":"true","ErrorMessage":"Azure Kubernetes Service is a managed Kubernetes orchestration engine where you can deploy a container-based microservices application."},{"Key":"Azure Web App for Containers","Value":"false","ErrorMessage":"Although Azure Web App for Containers allows deploying container-based web-based microservices and is a managed service, it's not a orchestrator."}],"responsetype":null}],"type":"AssignedQuestion"}