{"id":"7b427197-5c0b-44ef-a560-0070000b42b4","questionType":"MultiChoice","associatedQuestionId":"63380331-e58e-4e13-8169-0901b6474573","challengeId":"1ff9f558-7d48-4d4d-bf5d-b99997a11215","name":"Public vs Private vs Hybrid Cloud","targettedazureservice":"Generic/No Specific Service","difficulty":1,"description":"Distinguish between the three different Cloud models","text":"Which of the following options are characteristic of {PublicOrPrivateOrHybrid}?","textParameters":{"PublicOrPrivateOrHybrid":"the Public Cloud model"},"justification":"The three different Cloud models define the boundaries of data residency, data interaction, infrastructure management and maintenance. Having a good understanding of these models and their tradeoffs allows us to make the best choice for our needs.","usefulLinks":["https://azure.microsoft.com/en-us/overview/what-are-private-public-hybrid-clouds","https://docs.microsoft.com/en-us/learn/paths/explore-microsoft-azure-cloud-concepts/"],"urilist":null,"answerlist":[{"associatedquestionid":0,"answers":[{"Key":"The disks storing your data are owned and operated by you.","Value":"false","ErrorMessage":"Typically hardware is owned and managed by the Cloud Provider in the Public Cloud model."},{"Key":"The disks storing your data are owned and operated by the Cloud provider.","Value":"true","ErrorMessage":"Typically hardware is owned and managed by the Cloud Provider in the Public Cloud model."},{"Key":"A resource has a publicly accessible - over the internet - endpoint.","Value":"true","ErrorMessage":"Although not always the case (you can have privately deployed resources in Public Cloud environments), most resources are public and accessible over the internet by default in the Public Cloud model."},{"Key":"Hardware resources are dedicated and used by only one organization","Value":"false","ErrorMessage":"Typically hardware resources in the Public Cloud model are shared between many users."}],"responsetype":null}],"type":"AssignedQuestion"}