{"id":"78c6a127-a662-4149-8cdd-560be27af047","questionType":"MultiChoice","associatedQuestionId":"64f82673-0f25-4178-bf3f-07e05687b127","challengeId":"1ff9f558-7d48-4d4d-bf5d-b99997a11215","name":"Azure Advisor Use Cases","targettedazureservice":"Advisor","difficulty":1,"description":"Distinguish between the capabilities of Azure Advisor","text":"With which of the following options can Azure Advisor help you with?","textParameters":{},"justification":"Advisor is a personalized cloud consultant that helps you follow best practices to optimize your Azure deployments. It analyzes your resource configuration and usage telemetry and then recommends solutions that can help you improve the cost effectiveness, performance, Reliability (formerly called High availability), and security of your Azure resources.","usefulLinks":["https://docs.microsoft.com/en-us/azure/advisor/advisor-overview"],"urilist":null,"answerlist":[{"associatedquestionid":0,"answers":[{"Key":"A security-related configuration issue with an Azure Resource","Value":"true","ErrorMessage":"Azure Advisor advises on steps to increase the security configuration of your Azure Resources"},{"Key":"Selecting the correct size of an over-provisioned Virtual Machine.","Value":"true","ErrorMessage":"Azure Advisor advises on steps to decrease your Azure spend by right-sizing your Resources."},{"Key":"Ensuring none of your deployed services are single point of failures.","Value":"true","ErrorMessage":"Azure Advisor advises you on increasing availability of your deployed Azure Services."},{"Key":"Which development framework to select for developing your core business application.","Value":"false","ErrorMessage":"Azure Advisor is not opinionated on any development frameworks."}],"responsetype":null}],"type":"AssignedQuestion"}