{"id":"734e9e2a-27b2-4576-8480-84dcfa2f4286","questionType":"MultiChoice","associatedQuestionId":"55d794ec-3134-43bb-83bd-038e88dcf85e","challengeId":"1ff9f558-7d48-4d4d-bf5d-b99997a11215","name":"RBAC Use Cases","targettedazureservice":"Resource Management","difficulty":1,"description":"Find the correct RBAC for the use case","text":"Which of the following options implements the Principal of Least Privilege if you need to {UseCase}?","textParameters":{"UseCase":"allow a user to add, delete and modify the contents of an Azure Blob Storage Account but not configure access to it (i.e. assign other users to RBAC roles)"},"justification":"Access management for cloud resources is a critical function for any organization that is using the cloud. Azure role-based access control (Azure RBAC) is built on top of the Azure Resource Manager (ARM) and helps you manage who has access to Azure resources, what they can do with those resources, and what areas they have access to.","usefulLinks":["https://docs.microsoft.com/en-us/azure/role-based-access-control/overview","https://docs.microsoft.com/en-us/learn/modules/describe-azure-governance-methodologie"],"urilist":null,"answerlist":[{"associatedquestionid":0,"answers":[{"Key":"Storage Account Contributor","Value":"false","ErrorMessage":"Although it satisfies the requirements of the question, this allows access to more than just the Blob service in the Azure Storage Account"},{"Key":"Storage Blob Data Owner","Value":"false","ErrorMessage":"Although it satisfies the Blob data requirements of the question, assigning an Owner role will permit the user to full control to it, including managing RBAC access."},{"Key":"Storage Blob Data Contributor","Value":"true","ErrorMessage":"This provides Read, Write, and Delete access to the Azure Storage containers and blobs, but does not allow managing access rules."},{"Key":"Storage Blob Delegator","Value":"false","ErrorMessage":"This option allows a user only permissions to created Shared Access Signatures to containers/blobs."}],"responsetype":null}],"type":"AssignedQuestion"}