{"id":"7ef4abfd-76d5-478c-92ba-039ef89b287b","questionType":"MultiChoice","associatedQuestionId":"cd5b65e0-e05f-4d0c-927b-d9c7ad8bc26a","challengeId":"1ff9f558-7d48-4d4d-bf5d-b99997a11215","name":"Azure Service Use Cases","targettedazureservice":"Generic/No Specific Service","difficulty":1,"description":"Distinguish between Azure Service based on specific Use Cases","text":"Which of the following Azure Service would be most suitable for {Scenario}?","textParameters":{"Scenario":"blocking traffic to your Virtual Network from a public IP address"},"justification":"Selecting the best Azure Service for each use case will typical give you the best results for solving the business problem, achieving maximum flexibility, scalability and minimizing cost.","usefulLinks":["https://docs.microsoft.com/en-us/learn/modules/identify-azure-solutions/"],"urilist":null,"answerlist":[{"associatedquestionid":0,"answers":[{"Key":"Azure Distributed Denial-of-Service (DDoS) Protection","Value":"false","ErrorMessage":"Azure DDoS Protection is used to protect against DDoS attacks and does not block individual IP addresses"},{"Key":"Azure Network Security Groups (NSGs)","Value":"false","ErrorMessage":"Although you can block with NSGs, this not the best service to use for this scenario."},{"Key":"Azure Firewall","Value":"true","ErrorMessage":"Azure Firewall would be the best service to create a rule to block traffic from a Public IP into your Azure Virtual Network."},{"Key":"Azure Application Gateway","Value":"false","ErrorMessage":"Although Azure Application Gateway does have Firewall capabilities, it is mostly used to protect Web Applications and not Virtual Networks."}],"responsetype":null}],"type":"AssignedQuestion"}