{"id":"8d267693-ca75-4974-a75d-a39fe1e9bf2f","questionType":"MultiChoice","associatedQuestionId":"863d78ef-94bc-4b14-b0fc-5d12ca63290d","challengeId":"1ff9f558-7d48-4d4d-bf5d-b99997a11215","name":"Distinguish between different Privacy and Compliance offerings","targettedazureservice":"Generic/No Specific Service","difficulty":1,"description":"Distinguish between different Privacy and Compliance offerings","text":"Which Microsoft tool would you use to {UseCase}?","textParameters":{"UseCase":"find how which Azure Services are in scope with ISO27001"},"justification":"When selecting a cloud provider to host your solutions, you should understand how that provider can help you comply with regulations and standards. Azure has a comprehensive set of assets that provide detailed information for these topics.","usefulLinks":["https://servicetrust.microsoft.com/","https://www.microsoft.com/en-us/trust-center","https://docs.microsoft.com/en-us/microsoft-365/compliance/offering-home?view=o365-worldwide","https://privacy.microsoft.com/en-US/privacystatement","https://docs.microsoft.com/en-us/learn/modules/privacy-compliance-data-protection-standards"],"urilist":null,"answerlist":[{"associatedquestionid":0,"answers":[{"Key":"Microsoft Compliance Offerings webpage","Value":"true","ErrorMessage":"The Microsoft Compliance Offerings webpage provides a list of all compliance offerings Microsoft's products and services adhere to and detailed information on them, including scope and audit results."},{"Key":"Microsoft Trust Center webpage","Value":"false","ErrorMessage":"The Microsoft Trust Center webpage links out to all other webpages with regards to security, compliance, privacy and more."},{"Key":"Microsoft Service Trust Portal","Value":"true","ErrorMessage":"The Service Trust Portal holds data around the audit reports and other compliance-related information relevant to Microsoft’s cloud services. Audit reports always define the scope of the audit."},{"Key":"The Microsoft Privacy Statement","Value":"false","ErrorMessage":"The Microsoft privacy statement  explains what personal data Microsoft processes, how Microsoft processes it, and for what purposes. It is not related to any Regulatory Compliance."}],"responsetype":null}],"type":"AssignedQuestion"}