{"id":"832514b9-a9e3-49a5-8f13-d4762a377588","questionType":"MultiChoice","associatedQuestionId":"48243639-60c7-4f87-95a0-6998b6ab0c98","challengeId":"1ff9f558-7d48-4d4d-bf5d-b99997a11215","name":"Shared Responsibility Model","targettedazureservice":"Generic/No Specific Service","difficulty":1,"description":"Distinguish the use case for the Shared Responsibility Model","text":"In which of the following Cloud Services options are you responsible for managing {Responsibility}?","textParameters":{"Responsibility":"the Operating System"},"justification":"Understanding for each Cloud Service option what you are responsible for is very important and should be clear before deciding and deploying any resource!","usefulLinks":["https://docs.microsoft.com/en-us/learn/paths/explore-microsoft-azure-cloud-concepts/"],"urilist":null,"answerlist":[{"associatedquestionid":0,"answers":[{"Key":"MySQL Database Server hosted on a Virtual Machine cluster","Value":"true","ErrorMessage":"Typically when using Virtual Machines you are responsible for managing the Operating System."},{"Key":"Azure Database for MySQL Server","Value":"false","ErrorMessage":"Typically managed database services are Platform-as-a-Service. The Operating System in such cases is managed by the Cloud Provider."},{"Key":"Nginx Load Balancer deployed on a B-series Virtual Machine","Value":"true","ErrorMessage":"Typically when using Virtual Machines you are responsible for managing the Operating System."},{"Key":"Azure Internal Load Balancer deployed in front of a Virtual Machine Cluster","Value":"false","ErrorMessage":"Managed Services (such as Azure Load Balancers) are Platform-as-a-Service. The Operating System in such cases is managed by the Cloud Provider."}],"responsetype":null}],"type":"AssignedQuestion"}