{"id":"8257bd9d-a71b-486f-a9b4-8984e0db3398","questionType":"MultiChoice","associatedQuestionId":"f83a04ec-f709-44b5-a068-523afb1527dd","challengeId":"1ff9f558-7d48-4d4d-bf5d-b99997a11215","name":"CapEx vs OpEx","targettedazureservice":"Generic/No Specific Service","difficulty":1,"description":"Identify which of the below are CapEx or OpEx","text":"Which of the below options are considered {CapExOrOpEx}?","textParameters":{"CapExOrOpEx":"Capital Expenditure (CapEx)"},"justification":"In general, you would like to reduce your CapEx and increase your OpEx. This allows an organization better agility and flexibility in their IT budget spend.","usefulLinks":["https://docs.microsoft.com/en-us/azure/cloud-adoption-framework/strategy/business-outcomes/fiscal-outcomes","https://docs.microsoft.com/en-us/learn/paths/explore-microsoft-azure-cloud-concepts/"],"urilist":null,"answerlist":[{"associatedquestionid":0,"answers":[{"Key":"Procuring a rack-mounted server.","Value":"true","ErrorMessage":"Procuring hardware is typically CapEx."},{"Key":"Paying for ten one-month licenses for M365","Value":"false","ErrorMessage":"Typically monthly user licenses are considered OpEx."},{"Key":"Investing in a physical Disaster Recovery site","Value":"true","ErrorMessage":"Physical location are typically considered CapEx."},{"Key":"Paying a vendor for a yearly maintenance contract.","Value":"false","ErrorMessage":"Typically costs associated with yearly contract items are considered OpEx."},{"Key":"Maintenance of an old but business critical server in your Data Center","Value":"true","ErrorMessage":"Typically any type of hardware maintenance is considered CapEx."}],"responsetype":null}],"type":"AssignedQuestion"}