{"id":"92ebab3d-dc86-4e69-a38e-43755272082f","questionType":"MultiChoice","associatedQuestionId":"127ccd16-0526-4587-a8ba-e628b3b3c64a","challengeId":"1ff9f558-7d48-4d4d-bf5d-b99997a11215","name":"Key Cloud Concepts","targettedazureservice":"Generic/No Specific Service","difficulty":1,"description":"What are the key cloud concepts, characteristics and considerations for Cloud Services?","text":"From the below list, please select all options that are valid as key considerations, concepts or characteristics when thinking about Cloud Services.","textParameters":{},"justification":"When migrating or using Cloud Services, it is crucial to understand, in your scenario, what is driving the usage. Cloud Service have a lot to offer and you need to make sure you are adopting Cloud for the right reasons.","usefulLinks":["https://docs.microsoft.com/en-us/learn/paths/explore-microsoft-azure-cloud-concepts/","https://docs.microsoft.com/en-us/learn/modules/principles-cloud-computing/"],"urilist":null,"answerlist":[{"associatedquestionid":0,"answers":[{"Key":"You need to increase or decrease compute resources for a workload in a very short amount of time.","Value":"true","ErrorMessage":"Cloud Services allow you to provision (or remove) resources based on your needs, without requiring you to go through procurement cycles, deploying new hardware resources etc, which typically requires considerable time and effort."},{"Key":"You need to automatically scale resources based on the workload need.","Value":"true","ErrorMessage":"A large number of Cloud Services supports automatic, elastic scaling based on the needs of the workload. This allows any workload to increase or reduce in capacity easily and without user involvement."},{"Key":"Migrating legacy infrastructure","Value":"false","ErrorMessage":"Although in some cases this might be feasible, it generally is not true. Legacy systems often need re-architecting to gain advantage Cloud Service capabilities. Additionally, certain legacy systems have hardware or software dependencies that are not supported by Cloud Providers."},{"Key":"You need to deploy your workload in multiple locations globally easily and quickly","Value":"true","ErrorMessage":"With Cloud Services, you can easily create templates of your workload and deploy them in different locations, allowing you to easily and quickly service your customers in that location, without needing to build-up your own datacenter locations in that region."}],"responsetype":null}],"type":"AssignedQuestion"}