{"id":"9e4ef74a-f54c-4d1c-b322-8c5c0a0cc063","questionType":"MultiChoice","associatedQuestionId":"63380331-e58e-4e13-8169-0901b6474573","challengeId":"1ff9f558-7d48-4d4d-bf5d-b99997a11215","name":"Public vs Private vs Hybrid Cloud","targettedazureservice":"Generic/No Specific Service","difficulty":1,"description":"Distinguish between the three different Cloud models","text":"Which of the following options are characteristic of {PublicOrPrivateOrHybrid}?","textParameters":{"PublicOrPrivateOrHybrid":"the Private Cloud model"},"justification":"The three different Cloud models define the boundaries of data residency, data interaction, infrastructure management and maintenance. Having a good understanding of these models and their tradeoffs allows us to make the best choice for our needs.","usefulLinks":["https://azure.microsoft.com/en-us/overview/what-are-private-public-hybrid-clouds","https://docs.microsoft.com/en-us/learn/paths/explore-microsoft-azure-cloud-concepts/"],"urilist":null,"answerlist":[{"associatedquestionid":0,"answers":[{"Key":"Resources within a Private Cloud are dedicated to a specific organization","Value":"true","ErrorMessage":"Typically in the Private Cloud model, it is operated and used by a single organization."},{"Key":"Setting up and using resources is very simple and easy, requiring very little technical knowledge.","Value":"false","ErrorMessage":"Typically Private Cloud infrastructure requires deep technical expertise to setup and maintain."},{"Key":"Resources can be customized based on the exact business needs","Value":"true","ErrorMessage":"Since a Private Cloud is owned and operated by an organization, they can tailor it according to their exact needs and specifications."},{"Key":"Users can deploy and managed their own services in a self-service manner.","Value":"true","ErrorMessage":"Typically well designed and deployed Private Clouds give users self-service capabilities."}],"responsetype":null}],"type":"AssignedQuestion"}