{"id":"9c55e586-980d-4806-81f9-8edd668afbb4","questionType":"MultiChoice","associatedQuestionId":"f83a04ec-f709-44b5-a068-523afb1527dd","challengeId":"1ff9f558-7d48-4d4d-bf5d-b99997a11215","name":"CapEx vs OpEx","targettedazureservice":"Generic/No Specific Service","difficulty":1,"description":"Identify which of the below are CapEx or OpEx","text":"Which of the below options are considered {CapExOrOpEx}?","textParameters":{"CapExOrOpEx":"Operational Expenditure (OpEx)"},"justification":"In general, you would like to reduce your CapEx and increase your OpEx. This allows an organization better agility and flexibility in their IT budget spend.","usefulLinks":["https://docs.microsoft.com/en-us/azure/cloud-adoption-framework/strategy/business-outcomes/fiscal-outcomes","https://docs.microsoft.com/en-us/learn/paths/explore-microsoft-azure-cloud-concepts/"],"urilist":null,"answerlist":[{"associatedquestionid":0,"answers":[{"Key":"Paying for compute in a provider on a monthly level.","Value":"true","ErrorMessage":"Typically monthly payments for resources are considered OpEx."},{"Key":"Buying paper and printer cartridges for your office printing needs.","Value":"true","ErrorMessage":"In general, consumables of any type are considered OpEx."},{"Key":"Extending your on-premises NAS storage array with additional capacity.","Value":"false","ErrorMessage":"Typically, hardware upgrades are considered CapEx."},{"Key":"Committing to a set of Azure VMs with 3 year Reserved Instances, paying monthly.","Value":"true","ErrorMessage":"Even though you are committing to a long term Reserved Instances agreement, paying monthly allows you to consider this as OpEx."}],"responsetype":null}],"type":"AssignedQuestion"}