{"id":"954787d7-5964-4856-b802-ce37e3598da2","questionType":"API","associatedQuestionId":"6c5fb5c2-e737-43dc-9460-140b25f9b37e","challengeId":"1ff9f558-7d48-4d4d-bf5d-b99997a11215","name":"Create a new Azure Key Vault","targettedazureservice":"Key Vault","difficulty":1,"description":"Create a new Azure Key Vault with specific configuration","text":"Create a new {PricingTier} Azure Key Vault named {Profile.UserNameHashed}kv in the {Global.ResourceGroupName} Resource Group in the {Global.PrimaryRegion} region. {EnableDisableSoftDelete} soft deletion and {EnabledDisablePurge} purge protection. {AccessPolicy} and make sure it can be accessed {Accessibility}.","textParameters":{"PricingTier":"Standard","Profile.UserNameHashed":null,"Global.ResourceGroupName":null,"Global.PrimaryRegion":null,"EnableDisableSoftDelete":"Enable","EnabledDisablePurge":"Enable","AccessPolicy":"Allow access to Azure Resource Manager during deployments","Accessibility":"from all public endpoints."},"justification":"Azure Key Vault is a fully managed secret store. It can store Application Secrets, Secret Keys and Certificates, allowing for both secure access to these objects as well as central management.","usefulLinks":["https://docs.microsoft.com/en-us/azure/key-vault/general/overview","https://docs.microsoft.com/en-us/learn/modules/review-security-tools-features"],"urilist":[{"id":0,"uri":"https://management.azure.com/subscriptions/{Profile.SubscriptionId}/resourceGroups/{Global.ResourceGroupName}/providers/Microsoft.KeyVault/vaults/{Profile.UserNameHashed}kv?api-version=2019-09-01","calltype":"GET","uriParameters":{"Profile.SubscriptionId":null,"Global.ResourceGroupName":"null","Profile.UserNameHashed":null},"requiresContributorAccess":false}],"answerlist":[{"associatedquestionid":0,"answers":[{"Key":"location","Value":"westeurope","ErrorMessage":"The Key Vault is deployed in a different region."},{"Key":"properties.sku.name","Value":"Standard","ErrorMessage":"You have not deployed a Standard Key Vault"},{"Key":"properties.enabledForDeployment","Value":"true","ErrorMessage":"You did not allow access to VMs for deployment."},{"Key":"properties.enabledForTemplateDeployment","Value":"true","ErrorMessage":"You did not allow ARM template deployment access."},{"Key":"properties.enableSoftDelete","Value":"true","ErrorMessage":"You did not enable soft delete."},{"Key":"properties.enabledForDiskEncryption","Value":"true","ErrorMessage":"You did not allow access for disk encryption of Azure VMs."},{"Key":"properties.enablePurgeProtection","Value":"true","ErrorMessage":"You did not enable purge protection."}],"responsetype":"BODY"}],"type":"AssignedQuestion"}