{"id":"97a05c78-3230-45af-b9db-3269ba84b731","questionType":"MultiChoice","associatedQuestionId":"cd5b65e0-e05f-4d0c-927b-d9c7ad8bc26a","challengeId":"1ff9f558-7d48-4d4d-bf5d-b99997a11215","name":"Azure Service Use Cases","targettedazureservice":"Generic/No Specific Service","difficulty":1,"description":"Distinguish between Azure Service based on specific Use Cases","text":"Which of the following Azure Service would be most suitable for {Scenario}?","textParameters":{"Scenario":"easily enabling an application to understand what an uploaded image depicts"},"justification":"Selecting the best Azure Service for each use case will typical give you the best results for solving the business problem, achieving maximum flexibility, scalability and minimizing cost.","usefulLinks":["https://docs.microsoft.com/en-us/learn/modules/identify-azure-solutions/"],"urilist":null,"answerlist":[{"associatedquestionid":0,"answers":[{"Key":"Azure Machine Learning Service","Value":"false","ErrorMessage":"Although you can use Azure Machine Learning Service to create a Machine Learning model that can understand an image, it requires considerable effort."},{"Key":"Azure Cognitive Services","Value":"true","ErrorMessage":"Azure Cognitive Service are packaged Artificial Intelligence APIs that allow you to easily use Machine Learning models in your application. In this case, the Vision API would easily solve this problem!"},{"Key":"Azure Shared Image Gallery","Value":"false","ErrorMessage":"The Azure Shared Image Gallery is intended to store Virtual Machine images and cannot be used to recognize images/photos."}],"responsetype":null}],"type":"AssignedQuestion"}