{"id":"91e782d3-5752-4d72-9e76-85f6809114ee","questionType":"MultiChoice","associatedQuestionId":"28758fcd-6b03-4917-8caf-3d2b56e5a8d4","challengeId":"1ff9f558-7d48-4d4d-bf5d-b99997a11215","name":"Azure Resource Tags Use Cases","targettedazureservice":"Resource Management","difficulty":1,"description":"Distinguish between different Azure Resource Tags use cases","text":"Which of the following options are valid use cases for using Azure Resource Tags?","textParameters":{},"justification":"You apply tags to your Azure resources, resource groups, and subscriptions to logically organize them into a taxonomy.","usefulLinks":["https://docs.microsoft.com/en-us/azure/azure-resource-manager/management/tag-resources","https://docs.microsoft.com/en-us/learn/modules/explore-monitoring-reporting/"],"urilist":null,"answerlist":[{"associatedquestionid":0,"answers":[{"Key":"Quickly find all resources tagged with a specific key/value pair.","Value":"true","ErrorMessage":"Azure Resources Tags are used to organize resources and helps with quickly searching and finding them."},{"Key":"Assigning a \"DoNotDelete\" tag to prevent deletion of a resource.","Value":"false","ErrorMessage":"Azure Resource Tags are simply metadata on resources and have no direct effect on the resources."},{"Key":"Creating an Azure Policy that automatically assigns Resource Tags to resources with the user's department","Value":"true","ErrorMessage":"Using Azure Policy to automatically assign Resource Tags is a great way to ensure that any resources created are assigned tags as defined from the organization. This is especially useful for billing/cross-charging purposes."},{"Key":"Creating a Resource Tag name Access with a value of Private to deny public internet traffic to the resource.","Value":"false","ErrorMessage":"Azure Resource Tags are simply metadata on resources and have no direct effect on the resources."}],"responsetype":null}],"type":"AssignedQuestion"}