{"id":"a46c43ed-3887-4367-9a53-766369f65fa4","questionType":"API","associatedQuestionId":"88633790-304d-40cc-93ba-9b2f75879fbf","challengeId":"1ff9f558-7d48-4d4d-bf5d-b99997a11215","name":"Lock a Resource Group","targettedazureservice":"Resource Management","difficulty":1,"description":"Create a resource lock in a Resource Group","text":"Add a {TypeOfLock} resource lock in the {Global.ResourceGroupName} Resource Group. Name the lock {LockName}.","textParameters":{"TypeOfLock":"Delete","Global.ResourceGroupName":null,"LockName":"CannotDelete"},"justification":"Locks in Azure are useful to ensure that some actions cannot be taken, such as deleting resources or making them read-only. In this case we enforced this lock on the Resource Group level, but can be applied on individual resources or on a Subscription level.","usefulLinks":["https://docs.microsoft.com/en-us/azure/azure-resource-manager/management/lock-resources"],"urilist":[{"id":0,"uri":"https://management.azure.com/subscriptions/{Profile.SubscriptionId}/resourceGroups/{Global.ResourceGroupName}/providers/Microsoft.Authorization/locks/{LockName}?api-version=2016-09-01","calltype":"GET","uriParameters":{"Profile.SubscriptionId":null,"Global.ResourceGroupName":null,"LockName":"CannotDelete"},"requiresContributorAccess":false}],"answerlist":[{"associatedquestionid":0,"answers":[{"Key":"properties.level","Value":"CanNotDelete","ErrorMessage":"The lock type is incorrect."}],"responsetype":"BODY"}],"type":"AssignedQuestion"}