{"id":"ac8cdde6-8568-4540-be5a-0f369eb33292","questionType":"MultiChoice","associatedQuestionId":"cd5b65e0-e05f-4d0c-927b-d9c7ad8bc26a","challengeId":"1ff9f558-7d48-4d4d-bf5d-b99997a11215","name":"Azure Service Use Cases","targettedazureservice":"Generic/No Specific Service","difficulty":1,"description":"Distinguish between Azure Service based on specific Use Cases","text":"Which of the following Azure Service would be most suitable for {Scenario}?","textParameters":{"Scenario":"connecting thousands of IoT Devices that send a well-defined data format, easily visualize the incoming data and create alerts"},"justification":"Selecting the best Azure Service for each use case will typical give you the best results for solving the business problem, achieving maximum flexibility, scalability and minimizing cost.","usefulLinks":["https://docs.microsoft.com/en-us/learn/modules/identify-azure-solutions/"],"urilist":null,"answerlist":[{"associatedquestionid":0,"answers":[{"Key":"Azure IoT Central","Value":"true","ErrorMessage":"Azure IoT Central is a fully managed IoT Platform that allows connecting devices to it with minimal effort."},{"Key":"Azure IoT Hub","Value":"false","ErrorMessage":"Although Azure IoT Hub is used in connected devices scenarios, it requires significantly more effort."},{"Key":"Azure Functions","Value":"false","ErrorMessage":"Azure Functions could potentially respond to connected devices but is not suitable for a managed IoT Solution."},{"Key":"Azure Machine Learning Service","Value":"false","ErrorMessage":"Azure Machine Learning Service is used for training, deploying and maintaining Machine Learning models."}],"responsetype":null}],"type":"AssignedQuestion"}