{"id":"a81cfb91-ab5f-4694-9680-4b4c834ed074","questionType":"API","associatedQuestionId":"cd42ae36-9b7d-452a-a7fc-41e7b1919859","challengeId":"1ff9f558-7d48-4d4d-bf5d-b99997a11215","name":"Create a new Azure App Service","targettedazureservice":"App Service","difficulty":1,"description":"Create a new Azure App Service with specific configuration","text":"Create a new {OperatingSystem} Azure App Service named {Profile.UserNameHashed}www in the {Global.ResourceGroupName} Resource Group in the {Global.PrimaryRegion} region. User a service plan called {AppServicePlanName} with a size of {AppServicePlanSize}. The Web App should host {RuntimeStack} based code and have monitoring enabled with an instance called {AppInsightsName}.","textParameters":{"OperatingSystem":"Windows","Profile.UserNameHashed":null,"Global.ResourceGroupName":null,"Global.PrimaryRegion":null,"AppServicePlanName":"MyAppServicePlan","AppServicePlanSize":"B1","RuntimeStack":"PHP 7.3","AppInsightsName":"MyAppInsights"},"justification":"Azure App Service is an HTTP-based service for hosting web applications, REST APIs, and mobile back ends. You can develop in your favorite language, be it .NET, .NET Core, Java, Ruby, Node.js, PHP, or Python. Applications run and scale with ease on both Windows and Linux-based environments.","usefulLinks":["https://docs.microsoft.com/en-us/azure/app-service/app-service-web-overview"],"urilist":[{"id":0,"uri":"https://management.azure.com/subscriptions/{Profile.SubscriptionId}/resourceGroups/{Global.ResourceGroupName}/providers/Microsoft.Web/sites/{Profile.UserNameHashed}www?api-version=2019-08-01","calltype":"GET","uriParameters":{"Profile.SubscriptionId":null,"Global.ResourceGroupName":"null","Profile.UserNameHashed":null},"requiresContributorAccess":false},{"id":1,"uri":"https://management.azure.com/subscriptions/{Profile.SubscriptionId}/resourceGroups/{Global.ResourceGroupName}/providers/Microsoft.Web/sites/{Profile.UserNameHashed}www/config/web?api-version=2019-08-01","calltype":"GET","uriParameters":{"Profile.SubscriptionId":null,"Global.ResourceGroupName":"null","Profile.UserNameHashed":null},"requiresContributorAccess":false}],"answerlist":[{"associatedquestionid":0,"answers":[{"Key":"location","Value":"West Europe","ErrorMessage":"The Web App is deployed to a different region"},{"Key":"kind","Value":"app","ErrorMessage":"You have not deployed a Windows App Service"},{"Key":"properties.serverFarmId","Value":"/subscriptions/{Profile.SubscriptionId}/resourceGroups/{Global.ResourceGroupName}/providers/Microsoft.Web/serverfarms/MyAppServicePlan","ErrorMessage":"The name of your App Service Plan is incorrect"},{"Key":"properties.sku","Value":"Basic","ErrorMessage":"You have configured the wrong size for your App Service Plan"}],"responsetype":"BODY"},{"associatedquestionid":1,"answers":[{"Key":"properties.phpVersion","Value":"7.3","ErrorMessage":"You have not configured the App Service for running PHP v7.3"}],"responsetype":"BODY"}],"type":"AssignedQuestion"}