{"id":"a0c434dd-cfdd-49ce-98bc-cd68a08db686","questionType":"MultiChoice","associatedQuestionId":"48243639-60c7-4f87-95a0-6998b6ab0c98","challengeId":"1ff9f558-7d48-4d4d-bf5d-b99997a11215","name":"Shared Responsibility Model","targettedazureservice":"Generic/No Specific Service","difficulty":1,"description":"Distinguish the use case for the Shared Responsibility Model","text":"In which of the following Cloud Services options are you responsible for managing {Responsibility}?","textParameters":{"Responsibility":"Data Security"},"justification":"Understanding for each Cloud Service option what you are responsible for is very important and should be clear before deciding and deploying any resource!","usefulLinks":["https://docs.microsoft.com/en-us/learn/paths/explore-microsoft-azure-cloud-concepts/"],"urilist":null,"answerlist":[{"associatedquestionid":0,"answers":[{"Key":"Data in a MySQL Database Server running in a VM Cluster","Value":"true","ErrorMessage":"Management and security of data is typically a User Responsibility."},{"Key":"Data in an Azure Database for MySQL.","Value":"true","ErrorMessage":"Management and security of data is typically a User Responsibility, even in Platform-as-a-Service services."},{"Key":"Data in a SharePoint site on SharePoint Online.","Value":"true","ErrorMessage":"Management and security of data is typically a User Responsibility, even in Software-as-a-Service services."},{"Key":"Data in an Azure Storage Account","Value":"true","ErrorMessage":"Management and security of data is typically a User Responsibility."}],"responsetype":null}],"type":"AssignedQuestion"}