{"id":"b699a96a-46d6-48c5-b526-66a4f9856667","questionType":"MultiChoice","associatedQuestionId":"5934c605-7677-420f-b912-2cedf26c3303","challengeId":"1ff9f558-7d48-4d4d-bf5d-b99997a11215","name":"Distinguish between different Azure Management options","targettedazureservice":"Generic/No Specific Service","difficulty":1,"description":"Distinguish between different Azure Management options","text":"Which of the following options allows you to manage Azure Services using {UseCase}?","textParameters":{"UseCase":"your mobile phone"},"justification":"You can configure and manage Azure using a broad range of tools and platforms. There are tools available for the command line, language-specific Software Development Kits (SDKs), developer tools, tools for migration, and many others.","usefulLinks":["https://docs.microsoft.com/en-us/learn/modules/differentiate-azure-management-tools/"],"urilist":null,"answerlist":[{"associatedquestionid":0,"answers":[{"Key":"Azure Portal","Value":"true","ErrorMessage":"The Azure Portal can be used on a mobile browser to manage Azure Services."},{"Key":"Azure Command Line Interface (CLI)","Value":"false","ErrorMessage":"Although the Azure Mobile App contains an interface for the Azure Cloud Shell, it is not the Azure CLI."},{"Key":"Azure Mobile App","Value":"true","ErrorMessage":"You can user the Azure Mobile App to manage Azure Services."},{"Key":"Azure Software Development Kits (SDKs)","Value":"false","ErrorMessage":"The Azure SDKs are useful in a development context and cannot be used directly via a mobile device."}],"responsetype":null}],"type":"AssignedQuestion"}