{"id":"b6572ed0-dfcc-4c98-934c-299688fce55f","questionType":"MultiChoice","associatedQuestionId":"e1fd2871-f634-4c27-ae1a-dfd8711b2bf7","challengeId":"1ff9f558-7d48-4d4d-bf5d-b99997a11215","name":"Availability Options","targettedazureservice":"Generic/No Specific Service","difficulty":1,"description":"Understand between different availability models and SLAs","text":"Which of the below options gives you a Service Level Agreement of at least {SLA}?","textParameters":{"SLA":"99.95%"},"justification":"Knowing the Service Level Agreement (SLA) of your deployed resources allows you to understand the Cloud Provider's liability for the uptime of the resource, while also understanding the overall uptime of an end-to-end solution.","usefulLinks":["https://docs.microsoft.com/en-us/learn/paths/distinguish-microsoft-azure-core-services/","https://azure.microsoft.com/en-us/support/legal/sla/"],"urilist":null,"answerlist":[{"associatedquestionid":0,"answers":[{"Key":"A Virtual Machine with Premium SSDs for it's OS and Data disks.","Value":"false","ErrorMessage":"This option provides an SLA of 99.5%."},{"Key":"A set of Virtual Machine in an Availability Set.","Value":"true","ErrorMessage":"This option provides an SLA of 99.95%."},{"Key":"A set of Virtual Machine across Availability Zones.","Value":"true","ErrorMessage":"This option provides an SLA of 99.99%."},{"Key":"A set of VMs with Standard HDDs in a cluster outside of an Availability Set","Value":"false","ErrorMessage":"In this options each VM has it's own SLA (95%). The compound SLA will be smaller."}],"responsetype":null}],"type":"AssignedQuestion"}