{"id":"c17747e8-1971-49b7-afaa-8e2c531d602f","questionType":"MultiChoice","associatedQuestionId":"f8529f75-1f25-4990-9268-f9b593c1c81e","challengeId":"1ff9f558-7d48-4d4d-bf5d-b99997a11215","name":"Data Storage Use Cases","targettedazureservice":"Generic/No Specific Service","difficulty":1,"description":"Distinguish between Azure Data Service options and select the best option","text":"Which is the best Data Service option on Azure to store {DataCharacteristics}?","textParameters":{"DataCharacteristics":"and query JSON data produced by thousands devices with a high throughput rate"},"justification":"Depending on the data source, access patterns and data volumes, selecting the right Azure Data Service is critical for achieving your business goals. ","usefulLinks":["https://docs.microsoft.com/en-us/learn/modules/define-core-azure-services-products"],"urilist":null,"answerlist":[{"associatedquestionid":0,"answers":[{"Key":"Azure Blob Storage","Value":"false","ErrorMessage":"Although Azure Blob Storage can store files of any type, since we have high throughput rate and need to query the data, it is not the best solution."},{"Key":"Azure Cosmos Db","Value":"true","ErrorMessage":"Azure Cosmos Db is the most suitable data service in this scenario."},{"Key":"Azure SQL Database","Value":"false","ErrorMessage":"Although Azure SQL Database can store and run queries on this type of data, typically in high throughput scenarios we have other options in Azure."},{"Key":"Azure Table Storage","Value":"false","ErrorMessage":"Although Azure Table Storage is a NoSQL, JSON-based storage service, it is not the best for this scenario."}],"responsetype":null}],"type":"AssignedQuestion"}