{"id":"cd9b5dd7-33e8-479f-a4bf-2528a487b353","questionType":"MultiChoice","associatedQuestionId":"10c2b5f4-2f03-4bcc-a636-378f4883fe94","challengeId":"1ff9f558-7d48-4d4d-bf5d-b99997a11215","name":"Regions-Region Pairs-Geographies","targettedazureservice":"Generic/No Specific Service","difficulty":1,"description":"Distinguish between Regions, Region Pairs and Geographies","text":"Which of the following are valid {RegionRegionPairOrGeography}?","textParameters":{"RegionRegionPairOrGeography":"Regions"},"justification":"It is important to understand the location you deploy your resources, as this will have an effect on the latency of your application, Disaster Recovery concerns and cost.","usefulLinks":["https://docs.microsoft.com/en-us/learn/paths/distinguish-microsoft-azure-core-services/","https://azure.microsoft.com/en-us/global-infrastructure/geographies","https://docs.microsoft.com/en-us/azure/best-practices-availability-paired-regions"],"urilist":null,"answerlist":[{"associatedquestionid":0,"answers":[{"Key":"West Europe, North Europe, Africa, India Central","Value":"false","ErrorMessage":"Africa is a Geography, not a Region."},{"Key":"US East, US East 2, Brazil South, West Europe","Value":"true","ErrorMessage":"All of the above are Regions!"},{"Key":"North Europe, West Europe, France, Germany","Value":"false","ErrorMessage":"France and Germany are considered Geographies, not Regions."},{"Key":"France Central, Germany West Central, Switzerland North, Australia East","Value":"true","ErrorMessage":"All of the above are Regions!"}],"responsetype":null}],"type":"AssignedQuestion"}