{"id":"c9eec9c4-6bdb-4536-bd37-b7e52106a289","questionType":"MultiChoice","associatedQuestionId":"115dd095-ea3d-4d51-ba59-e01cf98aed5e","challengeId":"1ff9f558-7d48-4d4d-bf5d-b99997a11215","name":"Azure Security Center Capabilities","targettedazureservice":"Security Center","difficulty":1,"description":"Select the correct Azure Security Center capabilities.","text":"Which of the following options is true about Azure Security Center?","textParameters":{},"justification":"Azure Security Center is a unified infrastructure security management system that strengthens the security posture of your data centers, and provides advanced threat protection across your hybrid workloads in the cloud - whether they're in Azure or not - as well as on premises.","usefulLinks":["https://docs.microsoft.com/en-us/learn/modules/review-security-tools-features","https://docs.microsoft.com/en-us/azure/security-center/security-center-intro"],"urilist":null,"answerlist":[{"associatedquestionid":0,"answers":[{"Key":"It provides recommendations based on best-practices security policies across your Azure resources.","Value":"true","ErrorMessage":"Using security policies, you can assess your security posture through Azure Security Center and remediate any potential issues."},{"Key":"Enables investigation of potential security incidents.","Value":"true","ErrorMessage":"With Azure Security Center, you are alerted for potential security incidents and you can start investigating to determine the cause and scope of the incident."},{"Key":"Can protect your resources by defining firewall rules.","Value":"false","ErrorMessage":"Azure Security Center does not have native firewall capabilities."},{"Key":"You can evaluate your compliance with specific Regulatory Compliance requirements, such as PCI DSS and ISO 27001.","Value":"true","ErrorMessage":"Azure Security Center evaluates requirements from various Regulatory Compliance standards and reports on your compliance status, providing recommendations for remediation."}],"responsetype":null}],"type":"AssignedQuestion"}