{"id":"c1ea569a-c7ad-470c-9055-3b842f1f65a5","questionType":"API","associatedQuestionId":"c5e396ec-6af1-4e08-855a-f2451f6a8abb","challengeId":"1ff9f558-7d48-4d4d-bf5d-b99997a11215","name":"Create a new Azure Function App","targettedazureservice":"App Service","difficulty":1,"description":"Create a new Azure Function App with specific configuration","text":"Create an Azure Function App named {Profile.UserNameHashed}func in the {Global.ResourceGroupName} Resource Group in the {Global.PrimaryRegion} region. The Function App should be able to host {RuntimeStack} code under {OperatingSystem}, run in {Plan} plan and use the {Profile.UserNameHashed}store Storage Account.","textParameters":{"Profile.UserNameHashed":null,"Global.ResourceGroupName":null,"Global.PrimaryRegion":null,"RuntimeStack":"Javascript Node v12","OperatingSystem":"Windows","Plan":"a Consumption"},"justification":"Azure Functions Apps allow you to host different Azure Functions. A Function App can use dedicated resources (App Service Plan) or resources given at every execution (Consumption plan).","usefulLinks":["https://docs.microsoft.com/en-us/azure/azure-functions/"],"urilist":[{"id":0,"uri":"https://management.azure.com/subscriptions/{Profile.SubscriptionId}/resourceGroups/{Global.ResourceGroupName}/providers/Microsoft.Web/sites/{Profile.UserNameHashed}func?api-version=2019-08-01","calltype":"GET","uriParameters":{"Profile.SubscriptionId":null,"Global.ResourceGroupName":"null","Profile.UserNameHashed":null},"requiresContributorAccess":false}],"answerlist":[{"associatedquestionid":0,"answers":[{"Key":"properties.sku","Value":"Dynamic","ErrorMessage":"The Function App is not in a Consumption plan"},{"Key":"kind","Value":"functionapp","ErrorMessage":"The Function App is not deployed on a Linux Operating System"}],"responsetype":"BODY"}],"type":"AssignedQuestion"}