{"id":"c931530b-94cc-431a-b39b-93c90e0b4aff","questionType":"API","associatedQuestionId":"d2042475-0844-469b-9e86-c3cfd7aa36dd","challengeId":"1ff9f558-7d48-4d4d-bf5d-b99997a11215","name":"Add a Secret in an Azure Key Vault","targettedazureservice":"Key Vault","difficulty":2,"description":"Add a new Secret in an existing Azure Key Vault","text":"Create a new Secret in the {Profile.UserNameHashed}kv Key Vault. The secret should be named {SecretName} with a value of {SecretValue}. Ensure that the secret expires on {ExpirationDate}. For the secret to be accessible for verification, you need to give Get and List permissions for the Service Principal you have defined (on the Key Vault level).","textParameters":{"Profile.UserNameHashed":null,"SecretName":"TestSecret","SecretValue":"Hello!","ExpirationDate":"January 1st, 2023, midnight GMT"},"justification":"Azure Key Vault allows you to create, store and securely access secrets, keys and certificates.","usefulLinks":["https://docs.microsoft.com/en-us/azure/key-vault/secrets/quick-create-portal"],"urilist":[{"id":0,"uri":"https://{Profile.UserNameHashed}kv.vault.azure.net/secrets/{SecretName}/?api-version=7.0","calltype":"GET","uriParameters":{"Profile.UserNameHashed":null,"SecretName":"TestSecret"},"requiresContributorAccess":false}],"answerlist":[{"associatedquestionid":0,"answers":[{"Key":"value","Value":"Hello!","ErrorMessage":"The secret's value is incorrect."},{"Key":"attributes.enabled","Value":"true","ErrorMessage":"The secret is not enabled."},{"Key":"attributes.exp","Value":"1672531200","ErrorMessage":"The expiration date/time of the secret is incorrect."}],"responsetype":"BODY"}],"type":"AssignedQuestion"}