{"id":"d5bf2833-6b46-4743-b530-45f30352da45","questionType":"MultiChoice","associatedQuestionId":"81e1f6dd-7716-44bc-8f68-a978ec6b1e38","challengeId":"1ff9f558-7d48-4d4d-bf5d-b99997a11215","name":"Distinguish between Authentication and Authorization","targettedazureservice":"Generic/No Specific Service","difficulty":1,"description":"Distinguish between Authentication and Authorization","text":"Which of the following are examples of {AuthNorAuthZ}?","textParameters":{"AuthNorAuthZ":"Authorization"},"justification":"Authentication is the verification of an identity, authorization is the verification of an identity's level of access to a resource.","usefulLinks":["https://docs.microsoft.com/en-us/learn/modules/examine-core-identity-services/"],"urilist":null,"answerlist":[{"associatedquestionid":0,"answers":[{"Key":"Successfully unlocking the main office door with my fingerprint but not the secure access entry in the server room.","Value":"true","ErrorMessage":"Although biometrics are typically used to verify an identity, once verified we can see if they are authorized to access resources."},{"Key":"Gaining access to a secure file share by requesting access to an Azure Active Directory security group.","Value":"true","ErrorMessage":"Validating membership of an identity within a security group is a typical way to handle authorization to resources."},{"Key":"A web application asking you to change your password when logging in for the first time.","Value":"false","ErrorMessage":"This is neither an example of Authentication nor Authorization, but it is a security best practice."},{"Key":"Receiving a Multi-Factor Authentication request because I am logging in to a secure web application during my vacation at a new destination.","Value":"false","ErrorMessage":"MFA is used to strongly authenticate the identity of a user. A best practice is to require MFA when the user tries to access a resource from a non-typical location. It is not however an example of Authorization."}],"responsetype":null}],"type":"AssignedQuestion"}