{"id":"d5557b29-5348-46f4-b3f5-0d4af34fd51f","questionType":"MultiChoice","associatedQuestionId":"81406dbb-65e8-4cca-837e-409b6f2b4139","challengeId":"1ff9f558-7d48-4d4d-bf5d-b99997a11215","name":"Select the best compute target","targettedazureservice":"Compute","difficulty":1,"description":"Distinguish between the capabilities of different compute options and selecting the best option","text":"Which of the following options is the best if you need to {ComputeSpecification}?","textParameters":{"ComputeSpecification":"deploy a Web Application with minimal effort, that can scale automatically"},"justification":"Azure providers us with many different types of compute capabilities. We should make sure we are using the option that aligns with our business requirements, has the least overhead from a manageability aspect and minimizes cost.","usefulLinks":["https://docs.microsoft.com/en-us/learn/modules/define-core-azure-services-products/"],"urilist":null,"answerlist":[{"associatedquestionid":0,"answers":[{"Key":"Azure Virtual Machine","Value":"false","ErrorMessage":"Although you can deploy a VM-based web server that hosts your web application, it requires significant configuration."},{"Key":"Azure Container Instance","Value":"false","ErrorMessage":"Although you can package the web application in a container and run it this way, it is not the easiest way and cannot auto-scale (without an orchestration engine like AKS)."},{"Key":"Azure App Service","Value":"true","ErrorMessage":"This is the easiest way to deploy your application and enable auto-scaling."},{"Key":"Azure Functions","Value":"false","ErrorMessage":"Azure Functions are mostly used for running code that responds to event and cannot host web applications."}],"responsetype":null}],"type":"AssignedQuestion"}