{"id":"d45e4bfc-c525-4499-b1b5-8e947a25c588","questionType":"MultiChoice","associatedQuestionId":"81e1f6dd-7716-44bc-8f68-a978ec6b1e38","challengeId":"1ff9f558-7d48-4d4d-bf5d-b99997a11215","name":"Distinguish between Authentication and Authorization","targettedazureservice":"Generic/No Specific Service","difficulty":1,"description":"Distinguish between Authentication and Authorization","text":"Which of the following are examples of {AuthNorAuthZ}?","textParameters":{"AuthNorAuthZ":"Authorization"},"justification":"Authentication is the verification of an identity, authorization is the verification of an identity's level of access to a resource.","usefulLinks":["https://docs.microsoft.com/en-us/learn/modules/examine-core-identity-services/"],"urilist":null,"answerlist":[{"associatedquestionid":0,"answers":[{"Key":"Challenge a user to provide their password before gaining access to a web application.","Value":"true","ErrorMessage":"Using a password is typically a method for verifying an identity."},{"Key":"Challenge a user to respond to a Multi-Factor Authentication request.","Value":"true","ErrorMessage":"Multi-Factor Authentication (MFA) or Two Factor Authentication (2FA) is a method to more strongly verify an identity."},{"Key":"Gain access to a restricted part of a web application if your are an Administrator.","Value":"false","ErrorMessage":"Role-based access control is typically a method for authorization."},{"Key":"Using a fingerprint reader to gain access to a sensitive area in a building.","Value":"true","ErrorMessage":"Biometrics are typically used to authenticate identities."}],"responsetype":null}],"type":"AssignedQuestion"}