{"id":"e886292a-1021-4a95-a47c-ba4ec8a87e0f","questionType":"MultiChoice","associatedQuestionId":"51bc42f6-e5db-4f68-917b-a088c6123437","challengeId":"1ff9f558-7d48-4d4d-bf5d-b99997a11215","name":"Azure ARM template uses","targettedazureservice":"Resource Management","difficulty":1,"description":"Distinguish which services you can deploy with and in which use cases ARM templates can be used","text":"Which of the following options hold true for Azure ARM templates?","textParameters":{},"justification":"To implement infrastructure as code for your Azure solutions, use Azure Resource Manager (ARM) templates. The template is a JavaScript Object Notation (JSON) file that defines the infrastructure and configuration for your project. The template uses declarative syntax, which lets you state what you intend to deploy without having to write the sequence of programming commands to create it. In the template, you specify the resources to deploy and the properties for those resources.","usefulLinks":["https://docs.microsoft.com/en-us/azure/azure-resource-manager/templates/overview"],"urilist":null,"answerlist":[{"associatedquestionid":0,"answers":[{"Key":"Deploy several Azure Virtual Machines in an Avaibility Set","Value":"true","ErrorMessage":"Azure ARM Templates are used to deploy Azure Service using Infrastructure-as-Code practices."},{"Key":"Create an Azure Active Directory user","Value":"false","ErrorMessage":"Azure ARM Templates can only deploy Azure resources. Azure AD objects cannot be deployed through ARM."},{"Key":"Deploy a web application, a database backend and a CDN","Value":"true","ErrorMessage":"Azure ARM Templates are used to deploy Azure Service using Infrastructure-as-Code practices."},{"Key":"Deploy an Azure Virtual Machine if a database already exists.","Value":"true","ErrorMessage":"Azure ARM Templates are used to deploy Azure Service using Infrastructure-as-Code practices, including the capability for handling conditional statements."}],"responsetype":null}],"type":"AssignedQuestion"}