{"id":"ed8b15ab-a346-44f0-b41e-3d132e31477c","questionType":"MultiChoice","associatedQuestionId":"ec674d62-f230-493d-b3c4-41a4ec1f1b42","challengeId":"1ff9f558-7d48-4d4d-bf5d-b99997a11215","name":"Distinguish between capabilities of Azure Advanced Threat Protection","targettedazureservice":"Generic/No Specific Service","difficulty":1,"description":"Distinguish between capabilities of Azure Advanced Threat Protection","text":"Which of the following are valid options about Azure Advanced Threat Protection?","textParameters":{},"justification":"Azure Advanced Threat Protection (ATP) is a cloud-based security solution that leverages your on-premises Active Directory signals to identify, detect, and investigate advanced threats, compromised identities, and malicious insider actions directed at your organization.","usefulLinks":["https://docs.microsoft.com/en-us/azure-advanced-threat-protection/what-is-atp","https://docs.microsoft.com/en-us/learn/modules/review-security-tools-features"],"urilist":null,"answerlist":[{"associatedquestionid":0,"answers":[{"Key":"Classify a document as Highly Sensitive.","Value":"false","ErrorMessage":"That is a feature of Azure Information Protection, not Azure Advanced Threat Protection."},{"Key":"Detect if a malicious user is trying to discover the password of a user in your organization.","Value":"true","ErrorMessage":"Azure ATP identifies attempts to compromise user credentials using brute force attacks, failed authentications, user group membership changes, and other methods."},{"Key":"Protect a Virtual Machine against a Distributed Denial-of-Service (DDoS) attach","Value":"false","ErrorMessage":"Azure ATP is not used to protect resources against network traffic attacks such as DDoS"},{"Key":"Identify a malicious user logging in to a sensitive server after compromising a web server on the same network segment.","Value":"true","ErrorMessage":"Azure ATP can identify and alert in cases of lateral movements such as the above."}],"responsetype":null}],"type":"AssignedQuestion"}