{"id":"e7b2d111-93c5-4ac8-8a75-c951530453e2","questionType":"MultiChoice","associatedQuestionId":"7e74bef7-870e-460c-9d1d-28495932722a","challengeId":"1ff9f558-7d48-4d4d-bf5d-b99997a11215","name":"IaaS vs PaaS vs SaaS","targettedazureservice":"Generic/No Specific Service","difficulty":1,"description":"Distinguish between the types of Cloud Services","text":"Which of the following options are considered to be {IaaSorPaaSorSaaS}.","textParameters":{"IaaSorPaaSorSaaS":"Software-as-a-Service (SaaS)"},"justification":"Distinguishing between the different Cloud Service options allows you to correctly identify your level of responsibility for managing infrastructure, data, security and users.","usefulLinks":["https://docs.microsoft.com/en-us/learn/paths/explore-microsoft-azure-cloud-concepts/","https://azure.microsoft.com/en-us/overview/what-is-iaas/","https://azure.microsoft.com/en-us/overview/what-is-paas/","https://azure.microsoft.com/en-us/overview/what-is-saas/"],"urilist":null,"answerlist":[{"associatedquestionid":0,"answers":[{"Key":"A tenant for Dynamics 365 Customer Service.","Value":"true","ErrorMessage":"User-based subscription services such as Dynamics 365 are considered Software-as-a-Service."},{"Key":"An Azure Backup Vault to configure fir backing up on-premises Virtual Machines.","Value":"false","ErrorMessage":"Typically backup services are considered to be Infrastructure-as-a-Service."},{"Key":"An application that you have developed and will provide to your customers as a monthly subscription.","Value":"true","ErrorMessage":"User-based subscription services are considered Software-as-a-Service."},{"Key":"A server cluster you deploy in your datacenter to serve as a Web Farm","Value":"false","ErrorMessage":"Any on-premises resources are typically not IaaS, PaaS or SaaS."}],"responsetype":null}],"type":"AssignedQuestion"}