{"id":"edfe3fa4-46fd-4df3-937c-804807de3ae4","questionType":"MultiChoice","associatedQuestionId":"7e74bef7-870e-460c-9d1d-28495932722a","challengeId":"1ff9f558-7d48-4d4d-bf5d-b99997a11215","name":"IaaS vs PaaS vs SaaS","targettedazureservice":"Generic/No Specific Service","difficulty":1,"description":"Distinguish between the types of Cloud Services","text":"Which of the following options are considered to be {IaaSorPaaSorSaaS}.","textParameters":{"IaaSorPaaSorSaaS":"Infastructure-as-a-Service (IaaS)"},"justification":"Distinguishing between the different Cloud Service options allows you to correctly identify your level of responsibility for managing infrastructure, data, security and users.","usefulLinks":["https://docs.microsoft.com/en-us/learn/paths/explore-microsoft-azure-cloud-concepts/","https://azure.microsoft.com/en-us/overview/what-is-iaas/","https://azure.microsoft.com/en-us/overview/what-is-paas/","https://azure.microsoft.com/en-us/overview/what-is-saas/"],"urilist":null,"answerlist":[{"associatedquestionid":0,"answers":[{"Key":"A set of Virtual Machines acting as you Web Farm behind a Load Balancer","Value":"true","ErrorMessage":"Typically Virtual Machines are considered Infrastructure-as-a-Service"},{"Key":"Using a managed Azure SQL Database","Value":"false","ErrorMessage":"Managed database services are typically considered to be Platform-as-a-Service"},{"Key":"Providing a user access to an Office 365 account.","Value":"false","ErrorMessage":"Typically user-based subscription services are considered Software-as-a-Service"},{"Key":"Implementing a Virtual Network, including Firewalls, Routing rules and Subnets","Value":"true","ErrorMessage":"Typically networking is considered to be Infrastructure-as-a-Service."}],"responsetype":null}],"type":"AssignedQuestion"}