{"id":"eb7a7ea0-2791-4a74-b300-eb0c1dd70698","questionType":"MultiChoice","associatedQuestionId":"10c2b5f4-2f03-4bcc-a636-378f4883fe94","challengeId":"1ff9f558-7d48-4d4d-bf5d-b99997a11215","name":"Regions-Region Pairs-Geographies","targettedazureservice":"Generic/No Specific Service","difficulty":1,"description":"Distinguish between Regions, Region Pairs and Geographies","text":"Which of the following are valid {RegionRegionPairOrGeography}?","textParameters":{"RegionRegionPairOrGeography":"Region Pairs"},"justification":"It is important to understand the location you deploy your resources, as this will have an effect on the latency of your application, Disaster Recovery concerns and cost.","usefulLinks":["https://docs.microsoft.com/en-us/learn/paths/distinguish-microsoft-azure-core-services/","https://azure.microsoft.com/en-us/global-infrastructure/geographies","https://docs.microsoft.com/en-us/azure/best-practices-availability-paired-regions"],"urilist":null,"answerlist":[{"associatedquestionid":0,"answers":[{"Key":"West Europe - North Europe, France Central - France South, UK West - UK South","Value":"true","ErrorMessage":"All of the above are correct Region Pairs!"},{"Key":"East US - West US, East US 2 - South Central US, Australia East - Australia South East","Value":"false","ErrorMessage":"East US 2 and South Central US are not paired regions."},{"Key":"Brazil South - South Central US, West Europe - North Europe, Central India - South India","Value":"true","ErrorMessage":"All of the above are correct Region Pairs!"},{"Key":"US Gov Iowa - West US 2, West Europe - East Europe, Japan East - Japan West","Value":"false","ErrorMessage":"Gov (Sovereign) Cloud regions can only be paired with other Gov Cloud regions. East Europe is not an available Region."}],"responsetype":null}],"type":"AssignedQuestion"}