{"id":"e079b6b6-00e2-42d8-b26d-298e3b3f8306","questionType":"API","associatedQuestionId":"e62fd38c-7d9b-4a6f-8fdd-dc9e2b140080","challengeId":"1ff9f558-7d48-4d4d-bf5d-b99997a11215","name":"Add a new Virtual Machine","targettedazureservice":"Compute","difficulty":1,"description":"Add a new Virtual Machine with Managed Disks with a specific name in a specific Region","text":"Create a Windows Virtual Machine using the {VMSize} size. Name the Virtual Machine \"{Global.PrimaryVMName}\". It should be created in the \"{Global.ResourceGroupName}\" Resource Group and the {Global.PrimaryRegion} region. Make sure no communication ports are open and you are using a Premium Managed Disk for the OS disk. The Virtual Machine should be attached to the {Global.PrimaryVNEt} Virtual Network in the {Global.PrimaryVNetSubnetName} subnet. Boot diagnostics and OS diagnostics should be configured in the {Profile.UserNameHashed}store storage account.","textParameters":{"VMSize":"DS1v2","Global.PrimaryVMName":null,"Global.ResourceGroupName":null,"Global.PrimaryRegion":null,"Global.PrimaryVNEt":null,"Global.PrimaryVNetSubnetName":null,"Profile.UserNameHashed":null},"justification":"Azure Virtual Machines (VM) is one of several types of on-demand, scalable computing resources that Azure offers. Typically, you choose a VM when you need more control over the computing environment than the other choices offer.","usefulLinks":["https://docs.microsoft.com/en-us/azure/virtual-machines/windows/overview"],"urilist":[{"id":0,"uri":"https://management.azure.com/subscriptions/{Profile.SubscriptionId}/resourceGroups/{Global.ResourceGroupName}/providers/Microsoft.Compute/virtualMachines/{Global.PrimaryVMName}?api-version=2019-12-01","calltype":"GET","uriParameters":{"Profile.SubscriptionId":null,"Global.ResourceGroupName":"null","Global.PrimaryVMName":"myfirstvm"},"requiresContributorAccess":false},{"id":0,"uri":"https://management.azure.com/subscriptions/{Profile.SubscriptionId}/resourceGroups/{Global.ResourceGroupName}/providers/Microsoft.Network/networkInterfaces?api-version=2020-05-01","calltype":"GET","uriParameters":{"Profile.SubscriptionId":null,"Global.ResourceGroupName":"null"},"requiresContributorAccess":false}],"answerlist":[{"associatedquestionid":0,"answers":[{"Key":"location","Value":"westeurope","ErrorMessage":"The VM location is incorrect"},{"Key":"properties.hardwareProfile.vmSize","Value":"Standard_DS1_v2","ErrorMessage":"The VM size is incorrect"},{"Key":"properties.storageProfile.osDisk.managedDisk.storageAccountType","Value":"Premium_LRS","ErrorMessage":"The OS disk type is incorrect"},{"Key":"resources.properties.type","Value":"IaaSDiagnostics","ErrorMessage":"OS diagnostics have not been enabled"},{"Key":"resources.properties.settings.StorageAccount","Value":"{Profile.UserNameHashed}store","ErrorMessage":"OS diagnostics are configured in the wrong storage account."},{"Key":"properties.diagnosticsProfile.bootDiagnostics.enabled","Value":"true","ErrorMessage":"Boot diagnostics are not enabled"},{"Key":"properties.diagnosticsProfile.bootDiagnostics.storageUri","Value":"https://{Profile.UserNameHashed}store.blob.core.windows.net/","ErrorMessage":"Boot  diagnostics are configured in the wrong storage account."}],"responsetype":"BODY"},{"associatedquestionid":1,"answers":[{"Key":"value[properties**virtualMachine**id=/subscriptions/{Profile.SubscriptionId}/resourceGroups/{Global.ResourceGroupName}/providers/Microsoft**Compute/virtualMachines/{Global.PrimaryVMName}].properties.ipConfigurations.properties.subnet.id","Value":"/subscriptions/{Profile.SubscriptionId}/resourceGroups/{Global.ResourceGroupName}/providers/Microsoft.Network/virtualNetworks/{Global.PrimaryVNEt}/subnets/{Global.PrimaryVNetSubnetName}","ErrorMessage":"The VM is deployed in an incorrect subnet."}],"responsetype":"BODY"}],"type":"AssignedQuestion"}