{"id":"e8a2e08d-4941-490d-a03d-e2691c4a6cb7","questionType":"API","associatedQuestionId":"3e7db823-75ab-4e20-b51e-3397008c3daf","challengeId":"1ff9f558-7d48-4d4d-bf5d-b99997a11215","name":"Create an ACI container with specific configuration options","targettedazureservice":"Container Instances","difficulty":1,"description":"Create an ACI container with specific configuration options","text":"Create an Azure Container Instance (ACI) in the {Global.PrimaryRegion} region. Name the container \"{Global.PrimacyACIName}\". The container should use the {PublicOrPrivate} {ContainerImage} image from {Repository} and have {CPUCount} CPUs and {MemoryCount}GB of RAM. It should be publicly accessible with a DNS prefix of \"{Profile.UserNameHashed}cont\". Please define the following environment variables: {VariableList}. Please define the following tags: {TagList}.","textParameters":{"Global.PrimaryRegion":null,"Global.PrimacyACIName":null,"PublicOrPrivate":"Public","ContainerImage":"\"mcr.microsoft.com/azuredocs/aci-wordcount:latest\"","Repository":"Public Docker Hub repository","CPUCount":"2","MemoryCount":"4","Profile.UserNameHashed":null,"VariableList":"\"NumWords\" with a value of 5 and \"MinLength\" with a value of 8","TagList":"\"Environment\" with a value of \"Testing\""},"justification":"Containers are becoming the preferred way to package, deploy, and manage cloud applications. Azure Container Instances offers the fastest and simplest way to run a container in Azure, without having to manage any virtual machines and without having to adopt a higher-level service.\r\n\r\nAzure Container Instances is a great solution for any scenario that can operate in isolated containers, including simple applications, task automation, and build jobs. For scenarios where you need full container orchestration, including service discovery across multiple containers, automatic scaling, and coordinated application upgrades, we recommend Azure Kubernetes Service (AKS).","usefulLinks":["https://docs.microsoft.com/en-us/azure/container-instances/container-instances-overview","https://docs.microsoft.com/en-us/azure/container-instances/container-instances-quickstart-portal"],"urilist":[{"id":0,"uri":"https://management.azure.com/subscriptions/{Profile.SubscriptionId}/resourceGroups/{Global.ResourceGroupName}/providers/Microsoft.ContainerInstance/containerGroups/{Global.PrimacyACIName}/containers/{Global.PrimacyACIName}/logs?api-version=2019-12-01","calltype":"GET","uriParameters":{"Profile.SubscriptionId":null,"Global.ResourceGroupName":"null","Global.PrimacyACIName":"myfirstcontainergroup"},"requiresContributorAccess":false},{"id":1,"uri":"https://management.azure.com/subscriptions/{Profile.SubscriptionId}/resourceGroups/{Global.ResourceGroupName}/providers/Microsoft.ContainerInstance/containerGroups/{Global.PrimacyACIName}?api-version=2019-12-01","calltype":"GET","uriParameters":{"Profile.SubscriptionId":null,"Global.ResourceGroupName":"null","Global.PrimacyACIName":"myfirstcontainergroup"},"requiresContributorAccess":false}],"answerlist":[{"associatedquestionid":0,"answers":[{"Key":"content","Value":"[('CLAUDIUS', 120),\\n ('POLONIUS', 113),\\n ('GERTRUDE', 82),\\n ('ROSENCRANTZ', 69),\\n ('GUILDENSTERN', 54)]\\n","ErrorMessage":"The container output is incorrect. Please check your configuration"}],"responsetype":"BODY"},{"associatedquestionid":1,"answers":[{"Key":"properties.containers[name={Global.PrimacyACIName}].properties.image","Value":"mcr.microsoft.com/azuredocs/aci-wordcount:latest","ErrorMessage":"The container image is incorrect"},{"Key":"properties.containers.name","Value":"{Global.PrimacyACIName}","ErrorMessage":"The container name is incorrect"},{"Key":"properties.containers[name={Global.PrimacyACIName}].properties.environmentVariables.name","Value":"NumWords","ErrorMessage":"The NumWords environment variable is missing"},{"Key":"properties.containers[name={Global.PrimacyACIName}].properties.environmentVariables[name=NumWords].value","Value":"5","ErrorMessage":"The NumWords environment value is incorrect"},{"Key":"properties.containers[name={Global.PrimacyACIName}].properties.environmentVariables.name","Value":"MinLength","ErrorMessage":"The MinLength environment variable is missing"},{"Key":"properties.containers[name={Global.PrimacyACIName}].properties.environmentVariables[name=MinLength].value","Value":"8","ErrorMessage":"The MinLength environment value is incorrect"},{"Key":"properties.ipAddress.type","Value":"Public","ErrorMessage":"The container is not publicly accessible"},{"Key":"properties.ipAddress.dnsNameLabel","Value":"{Profile.UserNameHashed}cont","ErrorMessage":"The DNS name is incorrect"},{"Key":"tags.Environment","Value":"Testing","ErrorMessage":"The \"Environment\" tag is missing or has a wrong value"}],"responsetype":"BODY"}],"type":"AssignedQuestion"}