{"id":"ff189a88-a533-476a-8c48-7419415ceeac","questionType":"MultiChoice","associatedQuestionId":"0a95f23a-00b3-4a4f-b7dd-cd2aa9779087","challengeId":"1ff9f558-7d48-4d4d-bf5d-b99997a11215","name":"Typical Cloud Services","targettedazureservice":"Generic/No Specific Service","difficulty":1,"description":"What are the typical cloud service categories a Cloud Provider offers","text":"Which of the below set of Cloud Service categories are typical from Hyperscale Cloud Providers such as Microsoft Azure?","textParameters":{},"justification":"Cloud Providers offer a multitude of service to their end customers. Although there are a number of categories available, the above set is what is considered to be the most typical categorization.","usefulLinks":["https://azure.microsoft.com/en-us/overview/what-is-cloud-computing/","https://docs.microsoft.com/en-us/learn/paths/explore-microsoft-azure-cloud-concepts/"],"urilist":null,"answerlist":[{"associatedquestionid":0,"answers":[{"Key":"Compute power, Storage, Cooling, Analytics","Value":"false","ErrorMessage":"The above categories are correct except cooling, which is not a Cloud Service category"},{"Key":"Compute power, Analytics, Storage, Networking","Value":"true","ErrorMessage":"All of the above are the typical categories of Cloud Services!"},{"Key":"Virtual Machines, Databases, VPN connectivity, AI Services","Value":"false","ErrorMessage":"The above are examples of services and Cloud Provider offers and not the broader categories"},{"Key":"Storage, Backup, Bandwidth, Bots","Value":"false","ErrorMessage":"Storage is correct but the rest are examples of services a Cloud Provider may offer."}],"responsetype":null}],"type":"AssignedQuestion"}