{"id":"f52b2792-a211-4173-9179-e3b69c2c60ce","questionType":"API","associatedQuestionId":"ff86ed48-383b-4c29-9c54-217c7b6d3847","challengeId":"1ff9f558-7d48-4d4d-bf5d-b99997a11215","name":"Create a Javascript Azure Function","targettedazureservice":"App Service","difficulty":1,"description":"Create a new Javascript Azure Function in an existing Function App","text":"Create a new Javascript function in the {Profile.UserNameHashed}func Function App. Name the Function {FunctionName} and make sure you allow unauthenticated calls to the Function. Your Function, when passed a name (ex. John) must reply \"{ReplyPattern}\".","textParameters":{"Profile.UserNameHashed":null,"FunctionName":"MyFirstFunction","ReplyPattern":"Hello, John, nice to meet you!"},"justification":"Azure Functions allow you to run code in a Serverless manner, without the need of explicitly provisioning resources, and your code will be executed based on the trigger you enable.","usefulLinks":["https://docs.microsoft.com/en-us/azure/azure-functions/"],"urilist":[{"id":0,"uri":"https://management.azure.com/subscriptions/{Profile.SubscriptionId}/resourceGroups/{Global.ResourceGroupName}/providers/Microsoft.Web/sites/{Profile.UserNameHashed}func/functions/{FunctionName}?api-version=2019-08-01","calltype":"GET","uriParameters":{"Profile.SubscriptionId":null,"Global.ResourceGroupName":"null","Profile.UserNameHashed":null,"FunctionName":"MyFirstFunction"},"requiresContributorAccess":false},{"id":1,"uri":"https://{Profile.UserNameHashed}func.azurewebsites.net/api/{FunctionName}?name={Name}","calltype":"GET","uriParameters":{"Profile.UserNameHashed":null,"FunctionName":"MyFirstFunction","Name":"Alice"},"requiresContributorAccess":false}],"answerlist":[{"associatedquestionid":0,"answers":[{"Key":"properties.config.bindings[authLevel=anonymous].type","Value":"httpTrigger","ErrorMessage":"The function does not respond to an HTTP trigger"},{"Key":"properties.config.bindings.authLevel","Value":"anonymous","ErrorMessage":"The function does not support anonymous invocation."},{"Key":"properties.language","Value":"node","ErrorMessage":"The function in not a Javascript function"}],"responsetype":"BODY"},{"associatedquestionid":1,"answers":[{"Key":"Body","Value":"Hello, Alice, nice to meet you!","ErrorMessage":"The function output is incorrect."}],"responsetype":"BODY"}],"type":"AssignedQuestion"}