{"id":"f56351fe-a3db-477b-bc4c-86172707669f","questionType":"MultiChoice","associatedQuestionId":"63380331-e58e-4e13-8169-0901b6474573","challengeId":"1ff9f558-7d48-4d4d-bf5d-b99997a11215","name":"Public vs Private vs Hybrid Cloud","targettedazureservice":"Generic/No Specific Service","difficulty":1,"description":"Distinguish between the three different Cloud models","text":"Which of the following options are characteristic of {PublicOrPrivateOrHybrid}?","textParameters":{"PublicOrPrivateOrHybrid":"the Hybrid Cloud model"},"justification":"The three different Cloud models define the boundaries of data residency, data interaction, infrastructure management and maintenance. Having a good understanding of these models and their tradeoffs allows us to make the best choice for our needs.","usefulLinks":["https://azure.microsoft.com/en-us/overview/what-are-private-public-hybrid-clouds","https://docs.microsoft.com/en-us/learn/paths/explore-microsoft-azure-cloud-concepts/"],"urilist":null,"answerlist":[{"associatedquestionid":0,"answers":[{"Key":"Data location is very flexible.","Value":"true","ErrorMessage":"In the Hybrid Cloud model, you can chose whether to have your data stored on-premises or in the cloud, depending on it's usage and regulatory requirements."},{"Key":"The same application can run both on-premises and in the Public Cloud, catering to different audiences.","Value":"true","ErrorMessage":"With the Hybrid Cloud model, you can deploy the same application but with different assurances (for data residency for example) in two different locations."},{"Key":"Allows for the application to be in the Public Cloud, but the data to be in the Private Cloud","Value":"true","ErrorMessage":"The Hybrid Cloud model allows you to securely connect the Public Cloud with the Private Cloud and have your compute resources in the Public Cloud but your data in the Private Cloud"},{"Key":"Your organization does not need to manage or procure any hardware","Value":"false","ErrorMessage":"In Hybrid Cloud, any hardware required in the Private Cloud portion needs to be procured and operated by the organization."}],"responsetype":null}],"type":"AssignedQuestion"}