{"id":"fc32bcdc-e162-4832-b808-1125363dbc6e","questionType":"MultiChoice","associatedQuestionId":"cd5b65e0-e05f-4d0c-927b-d9c7ad8bc26a","challengeId":"1ff9f558-7d48-4d4d-bf5d-b99997a11215","name":"Azure Service Use Cases","targettedazureservice":"Generic/No Specific Service","difficulty":1,"description":"Distinguish between Azure Service based on specific Use Cases","text":"Which of the following Azure Service would be most suitable for {Scenario}?","textParameters":{"Scenario":"allowing traffic from all your Web Servers (Virtual Machines) in a Virtual Network to your backed Database Servers"},"justification":"Selecting the best Azure Service for each use case will typical give you the best results for solving the business problem, achieving maximum flexibility, scalability and minimizing cost.","usefulLinks":["https://docs.microsoft.com/en-us/learn/modules/identify-azure-solutions/"],"urilist":null,"answerlist":[{"associatedquestionid":0,"answers":[{"Key":"Azure Firewall","Value":"false","ErrorMessage":"Azure Firewall is mostly used to block IP-based traffic from external, public IPs. Although it could provide a solution in this case, it is not the most suitable option."},{"Key":"Azure Application Gateway","Value":"false","ErrorMessage":"Azure Application Gateway is mostly used to protect and filter traffic towards Web Applications."},{"Key":"Network Security Groups (NSGs)","Value":"false","ErrorMessage":"Although you can achieve the result with NSGs, it will be difficult to manage and not the best solution."},{"Key":"Application Security Groups (ASGs)","Value":"true","ErrorMessage":"ASGs would be the most suitable choice, since you can group together your Web Servers and your Database Servers and apply the rule on the group, allowing for easier manageability."}],"responsetype":null}],"type":"AssignedQuestion"}