{"id":"1ff9f558-7d48-4d4d-bf5d-b99997a11215","parameters":[{"key":"PrimaryVNEt","value":"TestVNet","assignedToQuestion":3},{"key":"ResourceGroupName","value":"MyTestResourceGroup","assignedToQuestion":15},{"key":"PrimaryRegion","value":"West Europe","assignedToQuestion":13},{"key":"PrimaryVNetAddressSpace","value":"192.168.0.0/16","assignedToQuestion":1},{"key":"PrimaryVNetDefaultSubnetName","value":"TestSubNet","assignedToQuestion":1},{"key":"PrimaryVNetDefaultSubnetAddressSpace","value":"192.168.0.0/24","assignedToQuestion":1},{"key":"PrimacyACIName","value":"myfirstcontainergroup","assignedToQuestion":1},{"key":"PrimaryVMName","value":"myfirstvm","assignedToQuestion":1},{"key":"PrimaryVNetSubnetName","value":"OtherSubNet","assignedToQuestion":2}],"type":"GlobalChallengeParameters"}