{"id":"1ff9f558-7d48-4d4d-bf5d-b99997a11215","name":"AZ-900","description":"A challenge that offers a practical approach to learning and getting ready for AZ-900: Microsoft Azure Fundamentals","isPublic":true,"isLocked":true,"questions":[{"id":"39362562-3486-4e46-a135-2f76a5fc6157","associatedQuestionId":"ae25707a-b094-447d-9ffd-dbd651fd0d59","name":"Azure Purchasing Options","difficulty":1,"description":"What purchasing options do customers have for acquiring an Azure Subscription","index":0,"nextQuestionId":"ff189a88-a533-476a-8c48-7419415ceeac"},{"id":"ff189a88-a533-476a-8c48-7419415ceeac","associatedQuestionId":"0a95f23a-00b3-4a4f-b7dd-cd2aa9779087","name":"Typical Cloud Services","difficulty":1,"description":"What are the typical cloud services a Cloud Provider offers","index":1,"nextQuestionId":"2ebac2a9-b357-4c60-a0e9-f09628817029"},{"id":"2ebac2a9-b357-4c60-a0e9-f09628817029","associatedQuestionId":"d4cb46da-d476-46a3-8563-392363d1a195","name":"Add a Resource Group","difficulty":1,"description":"Add a Resource Group with a specific name at a specific location","index":2,"nextQuestionId":"239760c4-3b3f-4a4a-8454-f1b5608c55da"},{"id":"239760c4-3b3f-4a4a-8454-f1b5608c55da","associatedQuestionId":"5691eb1a-7925-46e7-8318-18a5510455d0","name":"Key Cloud Concepts Use Cases","difficulty":1,"description":"What concepts are the most important in the specified use case.","index":3,"nextQuestionId":"8257bd9d-a71b-486f-a9b4-8984e0db3398"},{"id":"8257bd9d-a71b-486f-a9b4-8984e0db3398","associatedQuestionId":"f83a04ec-f709-44b5-a068-523afb1527dd","name":"CapEx vs OpEx","difficulty":1,"description":"Identify which of the below are CapEx or OpEx","index":4,"nextQuestionId":"5753c86e-beeb-4334-8519-58e1c7163bb3"},{"id":"5753c86e-beeb-4334-8519-58e1c7163bb3","associatedQuestionId":"f8529f75-1f25-4990-9268-f9b593c1c81e","name":"Data Storage Use Cases","difficulty":1,"description":"Distinguish between Azure Data Service options and select the best option","index":5,"nextQuestionId":"7b427197-5c0b-44ef-a560-0070000b42b4"},{"id":"7b427197-5c0b-44ef-a560-0070000b42b4","associatedQuestionId":"63380331-e58e-4e13-8169-0901b6474573","name":"Public vs Private vs Hybrid Cloud","difficulty":1,"description":"Distinguish between the three different Cloud models","index":6,"nextQuestionId":"ac8cdde6-8568-4540-be5a-0f369eb33292"},{"id":"ac8cdde6-8568-4540-be5a-0f369eb33292","associatedQuestionId":"cd5b65e0-e05f-4d0c-927b-d9c7ad8bc26a","name":"Azure Service Use Cases","difficulty":1,"description":"Distinguish between Azure Service based on specific Use Cases","index":7,"nextQuestionId":"8a84b17a-0621-4492-9a4a-f5363ffc9b4a"},{"id":"8a84b17a-0621-4492-9a4a-f5363ffc9b4a","associatedQuestionId":"fd4567ad-2070-49e4-a94f-1974ff730d09","name":"Create a VNET in a specific Resource Group and Region","difficulty":1,"description":"Create a Virtual Network in a specific Resource Group and Azure Region with specific configuration","index":8,"nextQuestionId":"edfe3fa4-46fd-4df3-937c-804807de3ae4"},{"id":"edfe3fa4-46fd-4df3-937c-804807de3ae4","associatedQuestionId":"7e74bef7-870e-460c-9d1d-28495932722a","name":"IaaS vs PaaS vs SaaS","difficulty":1,"description":"Distinguish between the types of Cloud Services","index":9,"nextQuestionId":"5e4629ae-fb8b-4e23-8935-328290c2299c"},{"id":"5e4629ae-fb8b-4e23-8935-328290c2299c","associatedQuestionId":"08483e72-3271-43de-8647-18106674a734","name":"Networking Services Use Cases","difficulty":1,"description":"Distinguish between Networking Service in different Use Cases","index":10,"nextQuestionId":"9e4ef74a-f54c-4d1c-b322-8c5c0a0cc063"},{"id":"9e4ef74a-f54c-4d1c-b322-8c5c0a0cc063","associatedQuestionId":"63380331-e58e-4e13-8169-0901b6474573","name":"Public vs Private vs Hybrid Cloud","difficulty":1,"description":"Distinguish between the three different Cloud models","index":11,"nextQuestionId":"9c55e586-980d-4806-81f9-8edd668afbb4"},{"id":"9c55e586-980d-4806-81f9-8edd668afbb4","associatedQuestionId":"f83a04ec-f709-44b5-a068-523afb1527dd","name":"CapEx vs OpEx","difficulty":1,"description":"Identify which of the below are CapEx or OpEx","index":12,"nextQuestionId":"a0c434dd-cfdd-49ce-98bc-cd68a08db686"},{"id":"a0c434dd-cfdd-49ce-98bc-cd68a08db686","associatedQuestionId":"48243639-60c7-4f87-95a0-6998b6ab0c98","name":"Shared Responsibility Model","difficulty":1,"description":"Distinguish the use case for the Shared Responsibility Model","index":13,"nextQuestionId":"453c2077-4a7e-4647-ac62-4284af0f720e"},{"id":"453c2077-4a7e-4647-ac62-4284af0f720e","associatedQuestionId":"94518bde-d153-45e5-95bf-c328737bab36","name":"Add a Storage Account","difficulty":1,"description":"Add","index":14,"nextQuestionId":"eb7a7ea0-2791-4a74-b300-eb0c1dd70698"},{"id":"eb7a7ea0-2791-4a74-b300-eb0c1dd70698","associatedQuestionId":"10c2b5f4-2f03-4bcc-a636-378f4883fe94","name":"Regions-Region Pairs-Geographies","difficulty":1,"description":"Distinguish between Regions, Region Pairs and Geographies","index":15,"nextQuestionId":"b6572ed0-dfcc-4c98-934c-299688fce55f"},{"id":"b6572ed0-dfcc-4c98-934c-299688fce55f","associatedQuestionId":"e1fd2871-f634-4c27-ae1a-dfd8711b2bf7","name":"Availability Options","difficulty":1,"description":"Understand between different availability models and SLAs","index":16,"nextQuestionId":"6ea75609-ed8d-4100-96a3-373a713ea40f"},{"id":"6ea75609-ed8d-4100-96a3-373a713ea40f","associatedQuestionId":"81406dbb-65e8-4cca-837e-409b6f2b4139","name":"Select the best compute target","difficulty":1,"description":"Distinguish between the capabilities of different compute options and selecting the best option","index":17,"nextQuestionId":"e079b6b6-00e2-42d8-b26d-298e3b3f8306"},{"id":"e079b6b6-00e2-42d8-b26d-298e3b3f8306","associatedQuestionId":"e62fd38c-7d9b-4a6f-8fdd-dc9e2b140080","name":"Add a new Virtual Machine","difficulty":1,"description":"Add a new Virtual Machine with Managed Disks with a specific name in a specific Region","index":18,"nextQuestionId":"92ebab3d-dc86-4e69-a38e-43755272082f"},{"id":"92ebab3d-dc86-4e69-a38e-43755272082f","associatedQuestionId":"127ccd16-0526-4587-a8ba-e628b3b3c64a","name":"Key Cloud Concepts","difficulty":1,"description":"What are the key cloud concepts, characteristics and considerations for Cloud Services?","index":19,"nextQuestionId":"3cb41f47-6230-4c1f-aa1f-674ff53885ff"},{"id":"3cb41f47-6230-4c1f-aa1f-674ff53885ff","associatedQuestionId":"cd5b65e0-e05f-4d0c-927b-d9c7ad8bc26a","name":"Azure Service Use Cases","difficulty":1,"description":"Distinguish between Azure Service based on specific Use Cases","index":20,"nextQuestionId":"cd9b5dd7-33e8-479f-a4bf-2528a487b353"},{"id":"cd9b5dd7-33e8-479f-a4bf-2528a487b353","associatedQuestionId":"10c2b5f4-2f03-4bcc-a636-378f4883fe94","name":"Regions-Region Pairs-Geographies","difficulty":1,"description":"Distinguish between Regions, Region Pairs and Geographies","index":21,"nextQuestionId":"27722930-fe0e-4507-87c1-a742a8933e16"},{"id":"27722930-fe0e-4507-87c1-a742a8933e16","associatedQuestionId":"7e74bef7-870e-460c-9d1d-28495932722a","name":"IaaS vs PaaS vs SaaS","difficulty":1,"description":"Distinguish between the types of Cloud Services","index":22,"nextQuestionId":"13c229cd-6ef6-4666-8422-651f4f8b5587"},{"id":"13c229cd-6ef6-4666-8422-651f4f8b5587","associatedQuestionId":"7a7bee96-c9a5-411d-9af4-f6ac50700bec","name":"Availability Options Use Cases","difficulty":1,"description":"Distinguish the minimum Availability Option for each use case.","index":23,"nextQuestionId":"e8a2e08d-4941-490d-a03d-e2691c4a6cb7"},{"id":"e8a2e08d-4941-490d-a03d-e2691c4a6cb7","associatedQuestionId":"3e7db823-75ab-4e20-b51e-3397008c3daf","name":"Create an ACI container with specific configuration options","difficulty":1,"description":"Create an ACI container with specific configuration options","index":24,"nextQuestionId":"4c3ad7e0-d120-438e-9e91-be09fad3af3a"},{"id":"4c3ad7e0-d120-438e-9e91-be09fad3af3a","associatedQuestionId":"81406dbb-65e8-4cca-837e-409b6f2b4139","name":"Select the best compute target","difficulty":1,"description":"Distinguish between the capabilities of different compute options and selecting the best option","index":25,"nextQuestionId":"3ab5062d-2a6b-4f5e-a2f0-4a6a831f6917"},{"id":"3ab5062d-2a6b-4f5e-a2f0-4a6a831f6917","associatedQuestionId":"cd5b65e0-e05f-4d0c-927b-d9c7ad8bc26a","name":"Azure Service Use Cases","difficulty":1,"description":"Distinguish between Azure Service based on specific Use Cases","index":26,"nextQuestionId":"6a3b5be9-ee60-4345-8437-fb7d03cc9ffa"},{"id":"6a3b5be9-ee60-4345-8437-fb7d03cc9ffa","associatedQuestionId":"81406dbb-65e8-4cca-837e-409b6f2b4139","name":"Select the best compute target","difficulty":1,"description":"Distinguish between the capabilities of different compute options and selecting the best option","index":27,"nextQuestionId":"c17747e8-1971-49b7-afaa-8e2c531d602f"},{"id":"c17747e8-1971-49b7-afaa-8e2c531d602f","associatedQuestionId":"f8529f75-1f25-4990-9268-f9b593c1c81e","name":"Data Storage Use Cases","difficulty":1,"description":"Distinguish between Azure Data Service options and select the best option","index":28,"nextQuestionId":"18008c46-2e37-4620-babf-c7132eb7a1bc"},{"id":"18008c46-2e37-4620-babf-c7132eb7a1bc","associatedQuestionId":"d336e77c-af35-42e6-beb7-f574f9f55b2f","name":"Create a new Azure SQL Database","difficulty":1,"description":"Create a new Azure SQL Database with the specified configuration","index":29,"nextQuestionId":"136d1a5a-b88c-4484-87bf-ef4732214c87"},{"id":"136d1a5a-b88c-4484-87bf-ef4732214c87","associatedQuestionId":"e1fd2871-f634-4c27-ae1a-dfd8711b2bf7","name":"Availability Options","difficulty":1,"description":"Understand between different availability models and SLAs","index":30,"nextQuestionId":"d5557b29-5348-46f4-b3f5-0d4af34fd51f"},{"id":"d5557b29-5348-46f4-b3f5-0d4af34fd51f","associatedQuestionId":"81406dbb-65e8-4cca-837e-409b6f2b4139","name":"Select the best compute target","difficulty":1,"description":"Distinguish between the capabilities of different compute options and selecting the best option","index":31,"nextQuestionId":"a46c43ed-3887-4367-9a53-766369f65fa4"},{"id":"a46c43ed-3887-4367-9a53-766369f65fa4","associatedQuestionId":"88633790-304d-40cc-93ba-9b2f75879fbf","name":"Lock a Resource Group","difficulty":1,"description":"Create a resource lock in a Resource Group","index":32,"nextQuestionId":"e7b2d111-93c5-4ac8-8a75-c951530453e2"},{"id":"e7b2d111-93c5-4ac8-8a75-c951530453e2","associatedQuestionId":"7e74bef7-870e-460c-9d1d-28495932722a","name":"IaaS vs PaaS vs SaaS","difficulty":1,"description":"Distinguish between the types of Cloud Services","index":33,"nextQuestionId":"832514b9-a9e3-49a5-8f13-d4762a377588"},{"id":"832514b9-a9e3-49a5-8f13-d4762a377588","associatedQuestionId":"48243639-60c7-4f87-95a0-6998b6ab0c98","name":"Shared Responsibility Model","difficulty":1,"description":"Distinguish the use case for the Shared Responsibility Model","index":34,"nextQuestionId":"3ab58ee5-c489-4bb1-8cd7-c448cdc8e1db"},{"id":"3ab58ee5-c489-4bb1-8cd7-c448cdc8e1db","associatedQuestionId":"08483e72-3271-43de-8647-18106674a734","name":"Networking Services Use Cases","difficulty":1,"description":"Distinguish between Networking Service in different Use Cases","index":35,"nextQuestionId":"97a05c78-3230-45af-b9db-3269ba84b731"},{"id":"97a05c78-3230-45af-b9db-3269ba84b731","associatedQuestionId":"cd5b65e0-e05f-4d0c-927b-d9c7ad8bc26a","name":"Azure Service Use Cases","difficulty":1,"description":"Distinguish between Azure Service based on specific Use Cases","index":36,"nextQuestionId":"c1ea569a-c7ad-470c-9055-3b842f1f65a5"},{"id":"c1ea569a-c7ad-470c-9055-3b842f1f65a5","associatedQuestionId":"c5e396ec-6af1-4e08-855a-f2451f6a8abb","name":"Create a new Azure Function App","difficulty":1,"description":"Create a new Azure Function App with specific configuration","index":37,"nextQuestionId":"f52b2792-a211-4173-9179-e3b69c2c60ce"},{"id":"f52b2792-a211-4173-9179-e3b69c2c60ce","associatedQuestionId":"ff86ed48-383b-4c29-9c54-217c7b6d3847","name":"Create a Javascript Azure Function","difficulty":1,"description":"Create a new Javascript Azure Function in an existing Function App","index":38,"nextQuestionId":"f56351fe-a3db-477b-bc4c-86172707669f"},{"id":"f56351fe-a3db-477b-bc4c-86172707669f","associatedQuestionId":"63380331-e58e-4e13-8169-0901b6474573","name":"Public vs Private vs Hybrid Cloud","difficulty":1,"description":"Distinguish between the three different Cloud models","index":39,"nextQuestionId":"a81cfb91-ab5f-4694-9680-4b4c834ed074"},{"id":"a81cfb91-ab5f-4694-9680-4b4c834ed074","associatedQuestionId":"cd42ae36-9b7d-452a-a7fc-41e7b1919859","name":"Create a new Azure App Service","difficulty":1,"description":"Create a new Azure App Service with specific configuration","index":40,"nextQuestionId":"b699a96a-46d6-48c5-b526-66a4f9856667"},{"id":"b699a96a-46d6-48c5-b526-66a4f9856667","associatedQuestionId":"5934c605-7677-420f-b912-2cedf26c3303","name":"Distinguish between different Azure Management options","difficulty":1,"description":"Distinguish between different Azure Management options","index":41,"nextQuestionId":"e886292a-1021-4a95-a47c-ba4ec8a87e0f"},{"id":"e886292a-1021-4a95-a47c-ba4ec8a87e0f","associatedQuestionId":"51bc42f6-e5db-4f68-917b-a088c6123437","name":"Azure ARM template uses","difficulty":1,"description":"Distinguish which services you can deploy with and in which use cases ARM templates can be used","index":42,"nextQuestionId":"78c6a127-a662-4149-8cdd-560be27af047"},{"id":"78c6a127-a662-4149-8cdd-560be27af047","associatedQuestionId":"64f82673-0f25-4178-bf3f-07e05687b127","name":"Azure Advisor Use Cases","difficulty":1,"description":"Distinguish between the capabilities of Azure Advisor","index":43,"nextQuestionId":"7ef4abfd-76d5-478c-92ba-039ef89b287b"},{"id":"7ef4abfd-76d5-478c-92ba-039ef89b287b","associatedQuestionId":"cd5b65e0-e05f-4d0c-927b-d9c7ad8bc26a","name":"Azure Service Use Cases","difficulty":1,"description":"Distinguish between Azure Service based on specific Use Cases","index":44,"nextQuestionId":"fc32bcdc-e162-4832-b808-1125363dbc6e"},{"id":"fc32bcdc-e162-4832-b808-1125363dbc6e","associatedQuestionId":"cd5b65e0-e05f-4d0c-927b-d9c7ad8bc26a","name":"Azure Service Use Cases","difficulty":1,"description":"Distinguish between Azure Service based on specific Use Cases","index":45,"nextQuestionId":"435d2b58-0765-4450-b44c-5411f1667a00"},{"id":"435d2b58-0765-4450-b44c-5411f1667a00","associatedQuestionId":"cd5b65e0-e05f-4d0c-927b-d9c7ad8bc26a","name":"Azure Service Use Cases","difficulty":1,"description":"Distinguish between Azure Service based on specific Use Cases","index":46,"nextQuestionId":"62233a28-1948-46bd-bb17-e093b91fa2e0"},{"id":"62233a28-1948-46bd-bb17-e093b91fa2e0","associatedQuestionId":"ef1ea01b-e4c5-44be-8442-294850928b44","name":"Create and configure a NSG","difficulty":1,"description":"Create and configure a NSG","index":47,"nextQuestionId":"d45e4bfc-c525-4499-b1b5-8e947a25c588"},{"id":"d45e4bfc-c525-4499-b1b5-8e947a25c588","associatedQuestionId":"81e1f6dd-7716-44bc-8f68-a978ec6b1e38","name":"Distinguish between Authentication and Authorization","difficulty":1,"description":"Distinguish between Authentication and Authorization","index":48,"nextQuestionId":"d5bf2833-6b46-4743-b530-45f30352da45"},{"id":"d5bf2833-6b46-4743-b530-45f30352da45","associatedQuestionId":"81e1f6dd-7716-44bc-8f68-a978ec6b1e38","name":"Distinguish between Authentication and Authorization","difficulty":1,"description":"Distinguish between Authentication and Authorization","index":49,"nextQuestionId":"3dab5a45-2928-4ca7-8b5e-3b49b179c697"},{"id":"3dab5a45-2928-4ca7-8b5e-3b49b179c697","associatedQuestionId":"fda3f8b7-ca0c-4b41-8df7-09136fdcaeb9","name":"Distinguish between Azure AD Use Cases","difficulty":1,"description":"Distinguish between Azure AD Use Cases","index":50,"nextQuestionId":"c9eec9c4-6bdb-4536-bd37-b7e52106a289"},{"id":"c9eec9c4-6bdb-4536-bd37-b7e52106a289","associatedQuestionId":"115dd095-ea3d-4d51-ba59-e01cf98aed5e","name":"Azure Security Center Capabilities","difficulty":1,"description":"Select the correct Azure Security Center capabilities.","index":51,"nextQuestionId":"954787d7-5964-4856-b802-ce37e3598da2"},{"id":"954787d7-5964-4856-b802-ce37e3598da2","associatedQuestionId":"6c5fb5c2-e737-43dc-9460-140b25f9b37e","name":"Create a new Azure Key Vault","difficulty":1,"description":"Create a new Azure Key Vault with specific configuration","index":52,"nextQuestionId":"c931530b-94cc-431a-b39b-93c90e0b4aff"},{"id":"c931530b-94cc-431a-b39b-93c90e0b4aff","associatedQuestionId":"d2042475-0844-469b-9e86-c3cfd7aa36dd","name":"Add a Secret in an Azure Key Vault","difficulty":2,"description":"Add a new Secret in an existing Azure Key Vault","index":53,"nextQuestionId":"5a3c29be-ea44-431d-a97d-1a6c95041258"},{"id":"5a3c29be-ea44-431d-a97d-1a6c95041258","associatedQuestionId":"f7b016f5-3260-4b53-8b28-69d76459428f","name":"Distinguish between capabilities of Azure Information Protection","difficulty":1,"description":"Distinguish between capabilities of Azure Information Protection","index":54,"nextQuestionId":"ed8b15ab-a346-44f0-b41e-3d132e31477c"},{"id":"ed8b15ab-a346-44f0-b41e-3d132e31477c","associatedQuestionId":"ec674d62-f230-493d-b3c4-41a4ec1f1b42","name":"Distinguish between capabilities of Azure Advanced Threat Protection","difficulty":1,"description":"Distinguish between capabilities of Azure Advanced Threat Protection","index":55,"nextQuestionId":"63196b21-5579-425c-9e1a-583f2966c479"},{"id":"63196b21-5579-425c-9e1a-583f2966c479","associatedQuestionId":"f62471f5-d790-44a3-8db9-8857f0735e13","name":"Distinguish between different Azure Governance use cases","difficulty":1,"description":"Distinguish between different Azure Governance use cases","index":56,"nextQuestionId":"613c5aad-8850-41b5-ba78-1ff096eca097"},{"id":"613c5aad-8850-41b5-ba78-1ff096eca097","associatedQuestionId":"a70e3f36-d1c0-4396-81a9-cfe67bcd284c","name":"Assign a Policy (no parameters)","difficulty":1,"description":"Assign a Policy without any Parameters","index":57,"nextQuestionId":"734e9e2a-27b2-4576-8480-84dcfa2f4286"},{"id":"734e9e2a-27b2-4576-8480-84dcfa2f4286","associatedQuestionId":"55d794ec-3134-43bb-83bd-038e88dcf85e","name":"RBAC Use Cases","difficulty":1,"description":"Find the correct RBAC for the use case","index":58,"nextQuestionId":"2c29735c-2d02-4bca-9e4b-ddbe127936e0"},{"id":"2c29735c-2d02-4bca-9e4b-ddbe127936e0","associatedQuestionId":"973cd394-42da-43df-9afb-a18d407bd21a","name":"Add tags to Resource Group","difficulty":1,"description":"Add tags to an existing Resource Group","index":59,"nextQuestionId":"91e782d3-5752-4d72-9e76-85f6809114ee"},{"id":"91e782d3-5752-4d72-9e76-85f6809114ee","associatedQuestionId":"28758fcd-6b03-4917-8caf-3d2b56e5a8d4","name":"Azure Resource Tags Use Cases","difficulty":1,"description":"Distinguish between different Azure Resource Tags use cases","index":60,"nextQuestionId":"8d267693-ca75-4974-a75d-a39fe1e9bf2f"},{"id":"8d267693-ca75-4974-a75d-a39fe1e9bf2f","associatedQuestionId":"863d78ef-94bc-4b14-b0fc-5d12ca63290d","name":"Distinguish between different Privacy and Compliance offerings","difficulty":1,"description":"Distinguish between different Privacy and Compliance offerings","index":61,"nextQuestionId":null}],"azureCategory":"Other/Multi-Service","welcomeMessage":null,"prereqLinks":null,"duration":0,"type":"Challenge"}