{"id":"08483e72-3271-43de-8647-18106674a734","questionType":"MultiChoice","name":"Networking Services Use Cases","targettedazureservice":"Virtual Networks","difficulty":1,"description":"Distinguish between Networking Service in different Use Cases","text":"You have {Resource1} in {Subnet1} on the {VNet1} Virtual Network and {Resource2} in {Subnet2} on the {VNet2} Virtual Network. You want to {UseCase}. Which of the below options are valid?","textParameters":["Resource1","Subnet1","VNet1","Resource2","Subnet2","VNet2","UseCase"],"urilist":[],"justification":"Azure Virtual Network (VNet) is the fundamental building block for your private network in Azure. VNet enables many types of Azure resources, such as Azure Virtual Machines (VM), to securely communicate with each other, the internet, and on-premises networks. VNet is similar to a traditional network that you'd operate in your own data center, but brings with it additional benefits of Azure's infrastructure such as scale, availability, and isolation.","owner":null,"usefulLinks":["https://docs.microsoft.com/en-us/azure/virtual-network/virtual-networks-overview"],"type":"Question"}