{"id":"0a95f23a-00b3-4a4f-b7dd-cd2aa9779087","questionType":"MultiChoice","name":"Typical Cloud Services","targettedazureservice":"Generic/No Specific Service","difficulty":1,"description":"What are the typical cloud service categories a Cloud Provider offers","text":"Which of the below set of Cloud Service categories are typical from Hyperscale Cloud Providers such as Microsoft Azure?","textParameters":null,"urilist":[],"justification":"Cloud Providers offer a multitude of services to their end customers. Although there are a number of categories available, the above set is what is considered to be the most typical categorization.","owner":null,"usefulLinks":["https://azure.microsoft.com/en-us/overview/what-is-cloud-computing/","https://docs.microsoft.com/en-us/learn/paths/explore-microsoft-azure-cloud-concepts/"],"type":"Question"}