{"id":"10c2b5f4-2f03-4bcc-a636-378f4883fe94","questionType":"MultiChoice","name":"Regions-Region Pairs-Geographies","targettedazureservice":"Generic/No Specific Service","difficulty":1,"description":"Distinguish between Regions, Region Pairs and Geographies","text":"Which of the following are valid {RegionRegionPairOrGeography}?","textParameters":["RegionRegionPairOrGeography"],"urilist":[],"justification":"It is important to understand the location you deploy your resources, as this will have an effect on the latency of your application, Disaster Recovery concerns and cost.","owner":null,"usefulLinks":["https://docs.microsoft.com/en-us/learn/paths/distinguish-microsoft-azure-core-services/","https://azure.microsoft.com/en-us/global-infrastructure/geographies","https://docs.microsoft.com/en-us/azure/best-practices-availability-paired-regions"],"type":"Question"}