{"id":"115dd095-ea3d-4d51-ba59-e01cf98aed5e","questionType":"MultiChoice","name":"Azure Security Center Capabilities","targettedazureservice":"Security Center","difficulty":1,"description":"Select the correct Azure Security Center capabilities.","text":"Which of the following options is true about Azure Security Center?","textParameters":null,"urilist":[],"justification":"Azure Security Center is a unified infrastructure security management system that strengthens the security posture of your data centers, and provides advanced threat protection across your hybrid workloads in the cloud - whether they're in Azure or not - as well as on premises.","owner":null,"usefulLinks":["https://docs.microsoft.com/en-us/learn/modules/review-security-tools-features","https://docs.microsoft.com/en-us/azure/security-center/security-center-intro"],"type":"Question"}