{"id":"127ccd16-0526-4587-a8ba-e628b3b3c64a","questionType":"MultiChoice","name":"Key Cloud Concepts","targettedazureservice":"Generic/No Specific Service","difficulty":1,"description":"What are the key cloud concepts, characteristics and considerations for Cloud Services?","text":"From the below list, please select all options that are valid as key considerations, concepts or characteristics when thinking about Cloud Services.","textParameters":null,"urilist":[],"justification":"When migrating or using Cloud Services, it is crucial to understand, in your scenario, what is driving the usage. Cloud Service have a lot to offer and you need to make sure you are adopting Cloud for the right reasons.","owner":null,"usefulLinks":["https://docs.microsoft.com/en-us/learn/paths/explore-microsoft-azure-cloud-concepts/","https://docs.microsoft.com/en-us/learn/modules/principles-cloud-computing/"],"type":"Question"}