{"id":"28758fcd-6b03-4917-8caf-3d2b56e5a8d4","questionType":"MultiChoice","name":"Azure Resource Tags Use Cases","targettedazureservice":"Resource Management","difficulty":1,"description":"Distinguish between different Azure Resource Tags use cases","text":"Which of the following options are valid use cases for using Azure Resource Tags?","textParameters":null,"urilist":[],"justification":"You apply tags to your Azure resources, resource groups, and subscriptions to logically organize them into a taxonomy.","owner":null,"usefulLinks":["https://docs.microsoft.com/en-us/azure/azure-resource-manager/management/tag-resources","https://docs.microsoft.com/en-us/learn/modules/explore-monitoring-reporting/"],"type":"Question"}