{"id":"3e7db823-75ab-4e20-b51e-3397008c3daf","questionType":"API","name":"Create an ACI container with specific configuration options","targettedazureservice":"Container Instances","difficulty":1,"description":"Create an ACI container with specific configuration options","text":"Create an Azure Container Instance (ACI) in the {Global.PrimaryRegion} region. Name the container \"{Global.PrimacyACIName}\". The container should use the {PublicOrPrivate} {ContainerImage} image from {Repository} and have {CPUCount} CPUs and {MemoryCount}GB of RAM. It should be publicly accessible with a DNS prefix of \"{Profile.UserNameHashed}cont\". Please define the following environment variables: {VariableList}. Please define the following tags: {TagList}.","textParameters":["Global.PrimaryRegion","Global.PrimacyACIName","PublicOrPrivate","ContainerImage","Repository","CPUCount","MemoryCount","Profile.UserNameHashed","VariableList","TagList"],"urilist":[{"id":0,"uri":"https://management.azure.com/subscriptions/{Profile.SubscriptionId}/resourceGroups/{Global.ResourceGroupName}/providers/Microsoft.ContainerInstance/containerGroups/{Global.PrimacyACIName}/containers/{Global.PrimacyACIName}/logs?api-version=2019-12-01","calltype":"GET","uriParameters":["Profile.SubscriptionId","Global.ResourceGroupName","Global.PrimacyACIName"],"requiresContributorAccess":false},{"id":1,"uri":"https://management.azure.com/subscriptions/{Profile.SubscriptionId}/resourceGroups/{Global.ResourceGroupName}/providers/Microsoft.ContainerInstance/containerGroups/{Global.PrimacyACIName}?api-version=2019-12-01","calltype":"GET","uriParameters":["Profile.SubscriptionId","Global.ResourceGroupName","Global.PrimacyACIName"],"requiresContributorAccess":false}],"justification":"Containers are becoming the preferred way to package, deploy, and manage cloud applications. Azure Container Instances offers the fastest and simplest way to run a container in Azure, without having to manage any virtual machines and without having to adopt a higher-level service.\r\n\r\nAzure Container Instances is a great solution for any scenario that can operate in isolated containers, including simple applications, task automation, and build jobs. For scenarios where you need full container orchestration, including service discovery across multiple containers, automatic scaling, and coordinated application upgrades, we recommend Azure Kubernetes Service (AKS).","owner":null,"usefulLinks":["https://docs.microsoft.com/en-us/azure/container-instances/container-instances-overview","https://docs.microsoft.com/en-us/azure/container-instances/container-instances-quickstart-portal"],"type":"Question"}