{"id":"48243639-60c7-4f87-95a0-6998b6ab0c98","questionType":"MultiChoice","name":"Shared Responsibility Model","targettedazureservice":"Generic/No Specific Service","difficulty":1,"description":"Distinguish the use case for the Shared Responsibility Model","text":"In which of the following Cloud Services options are you responsible for managing {Responsibility}?","textParameters":["Responsibility"],"urilist":[],"justification":"Understanding for each Cloud Service option what you are responsible for is very important and should be clear before deciding and deploying any resource!","owner":null,"usefulLinks":["https://docs.microsoft.com/en-us/learn/paths/explore-microsoft-azure-cloud-concepts/"],"type":"Question"}