{"id":"51bc42f6-e5db-4f68-917b-a088c6123437","questionType":"MultiChoice","name":"Azure ARM template uses","targettedazureservice":"Resource Management","difficulty":1,"description":"Distinguish which services you can deploy with and in which use cases ARM templates can be used","text":"Which of the following options hold true for Azure ARM templates?","textParameters":null,"urilist":[],"justification":"To implement infrastructure as code for your Azure solutions, use Azure Resource Manager (ARM) templates. The template is a JavaScript Object Notation (JSON) file that defines the infrastructure and configuration for your project. The template uses declarative syntax, which lets you state what you intend to deploy without having to write the sequence of programming commands to create it. In the template, you specify the resources to deploy and the properties for those resources.","owner":null,"usefulLinks":["https://docs.microsoft.com/en-us/azure/azure-resource-manager/templates/overview"],"type":"Question"}