{"id":"55d794ec-3134-43bb-83bd-038e88dcf85e","questionType":"MultiChoice","name":"RBAC Use Cases","targettedazureservice":"Resource Management","difficulty":1,"description":"Find the correct RBAC for the use case","text":"Which of the following options implements the Principal of Least Privilege if you need to {UseCase}?","textParameters":["UseCase"],"urilist":[],"justification":"Access management for cloud resources is a critical function for any organization that is using the cloud. Azure role-based access control (Azure RBAC) is built on top of the Azure Resource Manager (ARM) and helps you manage who has access to Azure resources, what they can do with those resources, and what areas they have access to.","owner":null,"usefulLinks":["https://docs.microsoft.com/en-us/azure/role-based-access-control/overview","https://docs.microsoft.com/en-us/learn/modules/describe-azure-governance-methodologie"],"type":"Question"}