{"id":"5691eb1a-7925-46e7-8318-18a5510455d0","questionType":"MultiChoice","name":"Key Cloud Concepts Use Cases","targettedazureservice":"Generic/No Specific Service","difficulty":1,"description":"What concepts are the most important in the specified use case.","text":"{CompanyName} is looking to migrate their on-premises application to Azure. They need to ensure that their application is {Consideration1}, can {Consideration2}, will {Consideration3} and {Consideration4}. Which of the below considerations are most important in their use case?","textParameters":["CompanyName","Consideration1","Consideration2","Consideration3","Consideration4"],"urilist":[],"justification":"It's best to always think about the benefits of Cloud directly through the business requirements of the workload/solution. This will ensure a successful deployment and maximum value.","owner":null,"usefulLinks":["https://docs.microsoft.com/en-us/learn/paths/explore-microsoft-azure-cloud-concepts/"],"type":"Question"}