{"id":"5934c605-7677-420f-b912-2cedf26c3303","questionType":"MultiChoice","name":"Distinguish between different Azure Management options","targettedazureservice":"Generic/No Specific Service","difficulty":1,"description":"Distinguish between different Azure Management options","text":"Which of the following options allows you to manage Azure Services using {UseCase}?","textParameters":["UseCase"],"urilist":[],"justification":"You can configure and manage Azure using a broad range of tools and platforms. There are tools available for the command line, language-specific Software Development Kits (SDKs), developer tools, tools for migration, and many others.","owner":null,"usefulLinks":["https://docs.microsoft.com/en-us/learn/modules/differentiate-azure-management-tools/"],"type":"Question"}