{"id":"63380331-e58e-4e13-8169-0901b6474573","questionType":"MultiChoice","name":"Public vs Private vs Hybrid Cloud","targettedazureservice":"Generic/No Specific Service","difficulty":1,"description":"Distinguish between the three different Cloud models","text":"Which of the following options are characteristic of {PublicOrPrivateOrHybrid}?","textParameters":["PublicOrPrivateOrHybrid"],"urilist":[],"justification":"The three different Cloud models define the boundaries of data residency, data interaction, infrastructure management and maintenance. Having a good understanding of these models and their tradeoffs allows us to make the best choice for our needs.","owner":null,"usefulLinks":["https://azure.microsoft.com/en-us/overview/what-are-private-public-hybrid-clouds","https://docs.microsoft.com/en-us/learn/paths/explore-microsoft-azure-cloud-concepts/"],"type":"Question"}