{"id":"64f82673-0f25-4178-bf3f-07e05687b127","questionType":"MultiChoice","name":"Azure Advisor Use Cases","targettedazureservice":"Advisor","difficulty":1,"description":"Distinguish between the capabilities of Azure Advisor","text":"With which of the following options can Azure Advisor help you with?","textParameters":null,"urilist":[],"justification":"Advisor is a personalized cloud consultant that helps you follow best practices to optimize your Azure deployments. It analyzes your resource configuration and usage telemetry and then recommends solutions that can help you improve the cost effectiveness, performance, Reliability (formerly called High availability), and security of your Azure resources.","owner":null,"usefulLinks":["https://docs.microsoft.com/en-us/azure/advisor/advisor-overview"],"type":"Question"}