{"id":"6c5fb5c2-e737-43dc-9460-140b25f9b37e","questionType":"API","name":"Create a new Azure Key Vault","targettedazureservice":"Key Vault","difficulty":1,"description":"Create a new Azure Key Vault with specific configuration","text":"Create a new {PricingTier} Azure Key Vault named {Profile.UserNameHashed}kv in the {Global.ResourceGroupName} Resource Group in the {Global.PrimaryRegion} region. {EnableDisableSoftDelete} soft deletion and {EnabledDisablePurge} purge protection. {AccessPolicy} and make sure it can be accessed {Accessibility}.","textParameters":["PricingTier","Profile.UserNameHashed","Global.ResourceGroupName","Global.PrimaryRegion","EnableDisableSoftDelete","EnabledDisablePurge","AccessPolicy","Accessibility"],"urilist":[{"id":0,"uri":"https://management.azure.com/subscriptions/{Profile.SubscriptionId}/resourceGroups/{Global.ResourceGroupName}/providers/Microsoft.KeyVault/vaults/{Profile.UserNameHashed}kv?api-version=2019-09-01","calltype":"GET","uriParameters":["Profile.SubscriptionId","Global.ResourceGroupName","Profile.UserNameHashed"],"requiresContributorAccess":false}],"justification":"Azure Key Vault is a fully managed secret store. It can store Application Secrets, Secret Keys and Certificates, allowing for both secure access to these objects as well as central management.","owner":null,"usefulLinks":["https://docs.microsoft.com/en-us/azure/key-vault/general/overview","https://docs.microsoft.com/en-us/learn/modules/review-security-tools-features"],"type":"Question"}