{"id":"7a7bee96-c9a5-411d-9af4-f6ac50700bec","questionType":"MultiChoice","name":"Availability Options Use Cases","targettedazureservice":"Generic/No Specific Service","difficulty":1,"description":"Distinguish the minimum Availability Option for each use case.","text":"You need to deploy a {ServiceCriticality} {Service Type} which will be can be unavailable for no more than {UnavailabilityLenght} each {UnavailabilityPeriod}. Which of the following options satisfy your requirements?","textParameters":["ServiceCriticality","Service Type","UnavailabilityLenght","UnavailabilityPeriod"],"urilist":[],"justification":"Deciding on Availability Options for your service must always be aligned with your business needs and the criticality of the workload.","owner":null,"usefulLinks":["https://docs.microsoft.com/en-us/learn/paths/distinguish-microsoft-azure-core-services/"],"type":"Question"}