{"id":"7e74bef7-870e-460c-9d1d-28495932722a","questionType":"MultiChoice","name":"IaaS vs PaaS vs SaaS","targettedazureservice":"Generic/No Specific Service","difficulty":1,"description":"Distinguish between the types of Cloud Services","text":"Which of the following options are considered to be {IaaSorPaaSorSaaS}.","textParameters":["IaaSorPaaSorSaaS"],"urilist":[],"justification":"Distinguishing between the different Cloud Service options allows you to correctly identify your level of responsibility for managing infrastructure, data, security and users.","owner":null,"usefulLinks":["https://docs.microsoft.com/en-us/learn/paths/explore-microsoft-azure-cloud-concepts/","https://azure.microsoft.com/en-us/overview/what-is-iaas/","https://azure.microsoft.com/en-us/overview/what-is-paas/","https://azure.microsoft.com/en-us/overview/what-is-saas/"],"type":"Question"}