{"id":"81406dbb-65e8-4cca-837e-409b6f2b4139","questionType":"MultiChoice","name":"Select the best compute target","targettedazureservice":"Compute","difficulty":1,"description":"Distinguish between the capabilities of different compute options and selecting the best option","text":"Which of the following options is the best if you need to {ComputeSpecification}?","textParameters":["ComputeSpecification"],"urilist":[],"justification":"Azure providers us with many different types of compute capabilities. We should make sure we are using the option that aligns with our business requirements, has the least overhead from a manageability aspect and minimizes cost.","owner":null,"usefulLinks":["https://docs.microsoft.com/en-us/learn/modules/define-core-azure-services-products/"],"type":"Question"}