{"id":"81e1f6dd-7716-44bc-8f68-a978ec6b1e38","questionType":"MultiChoice","name":"Distinguish between Authentication and Authorization","targettedazureservice":"Generic/No Specific Service","difficulty":1,"description":"Distinguish between Authentication and Authorization","text":"Which of the following are examples of {AuthNorAuthZ}?","textParameters":["AuthNorAuthZ"],"urilist":[],"justification":"Authentication is the verification of an identity, authorization is the verification of an identity's level of access to a resource.","owner":null,"usefulLinks":["https://docs.microsoft.com/en-us/learn/modules/examine-core-identity-services/"],"type":"Question"}