{"id":"863d78ef-94bc-4b14-b0fc-5d12ca63290d","questionType":"MultiChoice","name":"Distinguish between different Privacy and Compliance offerings","targettedazureservice":"Generic/No Specific Service","difficulty":1,"description":"Distinguish between different Privacy and Compliance offerings","text":"Which Microsoft tool would you use to {UseCase}?","textParameters":["UseCase"],"urilist":[],"justification":"When selecting a cloud provider to host your solutions, you should understand how that provider can help you comply with regulations and standards. Azure has a comprehensive set of assets that provide detailed information for these topics.","owner":null,"usefulLinks":["https://servicetrust.microsoft.com/","https://www.microsoft.com/en-us/trust-center","https://docs.microsoft.com/en-us/microsoft-365/compliance/offering-home?view=o365-worldwide","https://privacy.microsoft.com/en-US/privacystatement","https://docs.microsoft.com/en-us/learn/modules/privacy-compliance-data-protection-standards"],"type":"Question"}