{"id":"88633790-304d-40cc-93ba-9b2f75879fbf","questionType":"API","name":"Lock a Resource Group","targettedazureservice":"Resource Management","difficulty":1,"description":"Create a resource lock in a Resource Group","text":"Add a {TypeOfLock} resource lock in the {Global.ResourceGroupName} Resource Group. Name the lock {LockName}.","textParameters":["TypeOfLock","Global.ResourceGroupName","LockName"],"urilist":[{"id":0,"uri":"https://management.azure.com/subscriptions/{Profile.SubscriptionId}/resourceGroups/{Global.ResourceGroupName}/providers/Microsoft.Authorization/locks/{LockName}?api-version=2016-09-01","calltype":"GET","uriParameters":["Profile.SubscriptionId","Global.ResourceGroupName","LockName"],"requiresContributorAccess":false}],"justification":"Locks in Azure are useful to ensure that some actions cannot be taken, such as deleting resources or making them read-only. In this case we enforced this lock on the Resource Group level, but can be applied on individual resources or on a Subscription level.","owner":null,"usefulLinks":["https://docs.microsoft.com/en-us/azure/azure-resource-manager/management/lock-resources"],"type":"Question"}