{"id":"94518bde-d153-45e5-95bf-c328737bab36","questionType":"API","name":"Add a Storage Account","targettedazureservice":"Storage Services","difficulty":1,"description":"Add","text":"Create a new general purpose (v2) {Storage_Performance} {Storage_Replication} {Storage_Access_Tier} Storage Account in the \"{Global.ResourceGroupName}\" Resource Group, named {Profile.UserNameHashed}store. Leave all other options as their default values.","textParameters":["Storage_Performance","Storage_Replication","Storage_Access_Tier","Global.ResourceGroupName","Profile.UserNameHashed"],"urilist":[{"id":0,"uri":"https://management.azure.com/subscriptions/{Profile.SubscriptionId}/resourceGroups/{Global.ResourceGroupName}/providers/Microsoft.Storage/storageAccounts/{Profile.UserNameHashed}store?api-version=2019-06-01","calltype":"GET","uriParameters":["Profile.SubscriptionId","Global.ResourceGroupName"],"requiresContributorAccess":false}],"justification":"Azure Storage is a Microsoft-managed service providing cloud storage that is highly available, secure, durable, scalable, and redundant.","owner":null,"usefulLinks":["https://docs.microsoft.com/en-us/azure/storage/"],"type":"Question"}