{"id":"973cd394-42da-43df-9afb-a18d407bd21a","questionType":"API","name":"Add tags to Resource Group","targettedazureservice":"Resource Management","difficulty":1,"description":"Add tags to an existing Resource Group","text":"Add {NumOfTags} tags to the {Global.ResourceGroupName} resource group. The tags will have the following names/values: {TagNameValueList}.","textParameters":["NumOfTags","Global.ResourceGroupName","TagNameValueList"],"urilist":[{"id":0,"uri":"https://management.azure.com/subscriptions/{Profile.SubscriptionId}/resourcegroups/{Global.ResourceGroupName}?api-version=2019-10-01","calltype":"GET","uriParameters":["Profile.SubscriptionId","Global.ResourceGroupName"],"requiresContributorAccess":false}],"justification":"You apply tags to your Azure resources, resource groups, and subscriptions to logically organize them into a taxonomy. Each tag consists of a name and a value pair. Tags can be especially useful for governance and billing purposes.","owner":null,"usefulLinks":["https://docs.microsoft.com/en-us/azure/azure-resource-manager/management/tag-resources"],"type":"Question"}