{"id":"a70e3f36-d1c0-4396-81a9-cfe67bcd284c","questionType":"API","name":"Assign a Policy (no parameters)","targettedazureservice":"Resource Management","difficulty":1,"description":"Assign a Policy without any Parameters","text":"Assign the {PolicyTemplate} policy to the {Scope}. Name the assignment {Profile.UserNameHashed}policy and make sure it is Enabled.","textParameters":["PolicyTemplate","Scope","Profile.UserNameHashed"],"urilist":[{"id":0,"uri":"https://management.azure.com/subscriptions/{Profile.SubscriptionId}/providers/Microsoft.Authorization/policyAssignments?api-version=2019-09-01","calltype":"GET","uriParameters":["Profile.SubscriptionId"],"requiresContributorAccess":false}],"justification":"Azure Policy helps to enforce organizational standards and to assess compliance at-scale. Through its compliance dashboard, it provides an aggregated view to evaluate the overall state of the environment, with the ability to drill-down to the per-resource, per-policy granularity. It also helps to bring your resources to compliance through bulk remediation for existing resources and automatic remediation for new resources.","owner":null,"usefulLinks":["https://docs.microsoft.com/en-us/learn/modules/describe-azure-governance-methodologie","https://docs.microsoft.com/en-us/azure/governance/policy/overview"],"type":"Question"}