{"id":"ae25707a-b094-447d-9ffd-dbd651fd0d59","questionType":"MultiChoice","name":"Azure Purchasing Options","targettedazureservice":"Generic/No Specific Service","difficulty":1,"description":"What purchasing options do customers have for acquiring an Azure Subscription","text":"Which of the below options are valid purchasing options for acquiring an Azure Subscription?","textParameters":null,"urilist":[],"justification":"Azure offers flexible purchasing options, designed to fit your organizations size, needs and relationship with Microsoft or it's Partners.","owner":null,"usefulLinks":["https://docs.microsoft.com/en-us/learn/paths/explore-microsoft-azure-cloud-concepts/","https://azure.microsoft.com/en-us/pricing/purchase-options/","https://azure.microsoft.com/en-us/offers/ms-azr-0111p/"],"type":"Question"}