{"id":"c5e396ec-6af1-4e08-855a-f2451f6a8abb","questionType":"API","name":"Create a new Azure Function App","targettedazureservice":"App Service","difficulty":1,"description":"Create a new Azure Function App with specific configuration","text":"Create an Azure Function App named {Profile.UserNameHashed}func in the {Global.ResourceGroupName} Resource Group in the {Global.PrimaryRegion} region. The Function App should be able to host {RuntimeStack} code under {OperatingSystem}, run in {Plan} plan and use the {Profile.UserNameHashed}store Storage Account.","textParameters":["Profile.UserNameHashed","Global.ResourceGroupName","Global.PrimaryRegion","RuntimeStack","OperatingSystem","Plan"],"urilist":[{"id":0,"uri":"https://management.azure.com/subscriptions/{Profile.SubscriptionId}/resourceGroups/{Global.ResourceGroupName}/providers/Microsoft.Web/sites/{Profile.UserNameHashed}func?api-version=2019-08-01","calltype":"GET","uriParameters":["Profile.SubscriptionId","Global.ResourceGroupName","Profile.UserNameHashed"],"requiresContributorAccess":false}],"justification":"Azure Functions Apps allow you to host different Azure Functions. A Function App can use dedicated resources (App Service Plan) or resources given at every execution (Consumption plan).","owner":null,"usefulLinks":["https://docs.microsoft.com/en-us/azure/azure-functions/"],"type":"Question"}