{"id":"cd42ae36-9b7d-452a-a7fc-41e7b1919859","questionType":"API","name":"Create a new Azure App Service","targettedazureservice":"App Service","difficulty":1,"description":"Create a new Azure App Service with specific configuration","text":"Create a new {OperatingSystem} Azure App Service named {Profile.UserNameHashed}www in the {Global.ResourceGroupName} Resource Group in the {Global.PrimaryRegion} region. User a service plan called {AppServicePlanName} with a size of {AppServicePlanSize}. The Web App should host {RuntimeStack} based code and have monitoring enabled with an instance called {AppInsightsName}.","textParameters":["OperatingSystem","Profile.UserNameHashed","Global.ResourceGroupName","Global.PrimaryRegion","AppServicePlanName","AppServicePlanSize","RuntimeStack","AppInsightsName"],"urilist":[{"id":0,"uri":"https://management.azure.com/subscriptions/{Profile.SubscriptionId}/resourceGroups/{Global.ResourceGroupName}/providers/Microsoft.Web/sites/{Profile.UserNameHashed}www?api-version=2019-08-01","calltype":"GET","uriParameters":["Profile.SubscriptionId","Global.ResourceGroupName","Profile.UserNameHashed"],"requiresContributorAccess":false},{"id":1,"uri":"https://management.azure.com/subscriptions/{Profile.SubscriptionId}/resourceGroups/{Global.ResourceGroupName}/providers/Microsoft.Web/sites/{Profile.UserNameHashed}www/config/web?api-version=2019-08-01","calltype":"GET","uriParameters":["Profile.SubscriptionId","Global.ResourceGroupName","Profile.UserNameHashed"],"requiresContributorAccess":false}],"justification":"Azure App Service is an HTTP-based service for hosting web applications, REST APIs, and mobile back ends. You can develop in your favorite language, be it .NET, .NET Core, Java, Ruby, Node.js, PHP, or Python. Applications run and scale with ease on both Windows and Linux-based environments.","owner":null,"usefulLinks":["https://docs.microsoft.com/en-us/azure/app-service/app-service-web-overview"],"type":"Question"}