{"id":"cd5b65e0-e05f-4d0c-927b-d9c7ad8bc26a","questionType":"MultiChoice","name":"Azure Service Use Cases","targettedazureservice":"Generic/No Specific Service","difficulty":1,"description":"Distinguish between Azure Service based on specific Use Cases","text":"Which of the following Azure Service would be most suitable for {Scenario}?","textParameters":["Scenario"],"urilist":[],"justification":"Selecting the best Azure Service for each use case will typical give you the best results for solving the business problem, achieving maximum flexibility, scalability and minimizing cost.","owner":null,"usefulLinks":["https://docs.microsoft.com/en-us/learn/modules/identify-azure-solutions/"],"type":"Question"}