{"id":"d2042475-0844-469b-9e86-c3cfd7aa36dd","questionType":"API","name":"Add a Secret in an Azure Key Vault","targettedazureservice":"Key Vault","difficulty":2,"description":"Add a new Secret in an existing Azure Key Vault","text":"Create a new Secret in the {Profile.UserNameHashed}kv Key Vault. The secret should be named {SecretName} with a value of {SecretValue}. Ensure that the secret expires on {ExpirationDate}. For the secret to be accessible for verification, you need to give Get and List permissions for the Service Principal you have defined (on the Key Vault level).","textParameters":["Profile.UserNameHashed","SecretName","SecretValue","ExpirationDate"],"urilist":[{"id":0,"uri":"https://{Profile.UserNameHashed}kv.vault.azure.net/secrets/{SecretName}/?api-version=7.0","calltype":"GET","uriParameters":["Profile.UserNameHashed","SecretName"],"requiresContributorAccess":false}],"justification":"Azure Key Vault allows you to create, store and securely access secrets, keys and certificates.","owner":null,"usefulLinks":["https://docs.microsoft.com/en-us/azure/key-vault/secrets/quick-create-portal"],"type":"Question"}