{"id":"d336e77c-af35-42e6-beb7-f574f9f55b2f","questionType":"API","name":"Create a new Azure SQL Database","targettedazureservice":"SQL Database","difficulty":1,"description":"Create a new Azure SQL Database with the specified configuration","text":"Create a SQL Database called {Profile.UserNameHashed}db on the {Profile.UserNameHashed}srv SQL Server (create a new Server if it does not exist) in the \"{Global.ResourceGroupName}\" Resource Group. The database and database server should be deployed in the {Global.PrimaryRegion} region. The database should be {DbTemplate}, {Edition} {Tier} database with {StorageSize} GB of storage space. It should have {Connectivity}. Collation should set to \"{Collation}\".","textParameters":["Profile.UserNameHashed","Global.ResourceGroupName","Global.PrimaryRegion","DbTemplate","Edition","Tier","StorageSize","Connectivity","Collation"],"urilist":[{"id":0,"uri":"https://management.azure.com/subscriptions/{Profile.SubscriptionId}/resourceGroups/{Global.ResourceGroupName}/providers/Microsoft.Sql/servers/{Profile.UserNameHashed}srv/databases/{Profile.UserNameHashed}db?api-version=2017-10-01-preview","calltype":"GET","uriParameters":["Profile.SubscriptionId","Global.ResourceGroupName","Profile.UserNameHashed"],"requiresContributorAccess":false},{"id":1,"uri":"https://management.azure.com/subscriptions/{Profile.SubscriptionId}/resourceGroups/{Global.ResourceGroupName}/providers/Microsoft.Sql/servers/{Profile.UserNameHashed}srv?api-version=2019-06-01-preview","calltype":"GET","uriParameters":["Profile.SubscriptionId","Global.ResourceGroupName","Profile.UserNameHashed"],"requiresContributorAccess":false}],"justification":"Azure SQL Database is a general-purpose relational database managed service in Microsoft Azure that supports structures such as relational data, JSON, spatial, and XML.","owner":null,"usefulLinks":["https://docs.microsoft.com/en-us/azure/sql-database/sql-database-technical-overview"],"type":"Question"}