{"id":"d4cb46da-d476-46a3-8563-392363d1a195","questionType":"API","name":"Add a Resource Group","targettedazureservice":"Resource Management","difficulty":1,"description":"Add a Resource Group with a specific name at a specific location","text":"Create a resource group with the name \"{Global.ResourceGroupName}\" in {Global.PrimaryRegion}.","textParameters":["Global.ResourceGroupName","Global.PrimaryRegion"],"urilist":[{"id":0,"uri":"https://management.azure.com/subscriptions/{Profile.SubscriptionId}/resourcegroups/{Global.ResourceGroupName}?api-version=2019-10-01","calltype":"GET","uriParameters":["Profile.SubscriptionId","Global.ResourceGroupName"],"requiresContributorAccess":false}],"justification":"A Resource Group is a container that holds related resources for an Azure solution. The resource group includes those resources that you want to manage as a group. You decide which resources belong in a resource group based on what makes the most sense for your organization","owner":null,"usefulLinks":["https://docs.microsoft.com/en-us/azure/azure-resource-manager/management/overview#resource-groups"],"type":"Question"}