{"id":"e1fd2871-f634-4c27-ae1a-dfd8711b2bf7","questionType":"MultiChoice","name":"Availability Options","targettedazureservice":"Generic/No Specific Service","difficulty":1,"description":"Understand between different availability models and SLAs","text":"Which of the below options gives you a Service Level Agreement of at least {SLA}?","textParameters":["SLA"],"urilist":[],"justification":"Knowing the Service Level Agreement (SLA) of your deployed resources allows you to understand the Cloud Provider's liability for the uptime of the resource, while also understanding the overall uptime of an end-to-end solution.","owner":null,"usefulLinks":["https://docs.microsoft.com/en-us/learn/paths/distinguish-microsoft-azure-core-services/","https://azure.microsoft.com/en-us/support/legal/sla/"],"type":"Question"}