{"id":"e62fd38c-7d9b-4a6f-8fdd-dc9e2b140080","questionType":"API","name":"Add a new Virtual Machine","targettedazureservice":"Compute","difficulty":1,"description":"Add a new Virtual Machine with Managed Disks with a specific name in a specific Region","text":"Create a Windows Virtual Machine using the {VMSize} size. Name the Virtual Machine \"{Global.PrimaryVMName}\". It should be created in the \"{Global.ResourceGroupName}\" Resource Group and the {Global.PrimaryRegion} region. Make sure no communication ports are open and you are using a Premium Managed Disk for the OS disk. The Virtual Machine should be attached to the {Global.PrimaryVNEt} Virtual Network in the {Global.PrimaryVNetSubnetName} subnet. Boot diagnostics and OS diagnostics should be configured in the {Profile.UserNameHashed}store storage account.","textParameters":["VMSize","Global.PrimaryVMName","Global.ResourceGroupName","Global.PrimaryRegion","Global.PrimaryVNEt","Global.PrimaryVNetSubnetName","Profile.UserNameHashed"],"urilist":[{"id":0,"uri":"https://management.azure.com/subscriptions/{Profile.SubscriptionId}/resourceGroups/{Global.ResourceGroupName}/providers/Microsoft.Compute/virtualMachines/{Global.PrimaryVMName}?api-version=2019-12-01","calltype":"GET","uriParameters":["Profile.SubscriptionId","Global.ResourceGroupName","Global.PrimaryVMName"],"requiresContributorAccess":false},{"id":0,"uri":"https://management.azure.com/subscriptions/{Profile.SubscriptionId}/resourceGroups/{Global.ResourceGroupName}/providers/Microsoft.Network/networkInterfaces?api-version=2020-05-01","calltype":"GET","uriParameters":["Profile.SubscriptionId","Global.ResourceGroupName"],"requiresContributorAccess":false}],"justification":"Azure Virtual Machines (VM) is one of several types of on-demand, scalable computing resources that Azure offers. Typically, you choose a VM when you need more control over the computing environment than the other choices offer.","owner":null,"usefulLinks":["https://docs.microsoft.com/en-us/azure/virtual-machines/windows/overview"],"type":"Question"}