{"id":"ec674d62-f230-493d-b3c4-41a4ec1f1b42","questionType":"MultiChoice","name":"Distinguish between capabilities of Azure Advanced Threat Protection","targettedazureservice":"Generic/No Specific Service","difficulty":1,"description":"Distinguish between capabilities of Azure Advanced Threat Protection","text":"Which of the following are valid options about Azure Advanced Threat Protection?","textParameters":null,"urilist":[],"justification":"Azure Advanced Threat Protection (ATP) is a cloud-based security solution that leverages your on-premises Active Directory signals to identify, detect, and investigate advanced threats, compromised identities, and malicious insider actions directed at your organization.","owner":null,"usefulLinks":["https://docs.microsoft.com/en-us/azure-advanced-threat-protection/what-is-atp","https://docs.microsoft.com/en-us/learn/modules/review-security-tools-features"],"type":"Question"}