{"id":"ef1ea01b-e4c5-44be-8442-294850928b44","questionType":"API","name":"Create and configure a NSG","targettedazureservice":"Virtual Networks","difficulty":1,"description":"Create and configure a NSG","text":"Create a new Network Security Group called {NSGName} in the {Global.ResourceGroupName} Resource Group in the {Global.PrimaryRegion} region. Once created, associate the NSG to the {Global.PrimaryVNEt} Virtual Network with the {Global.PrimaryVNetSubnetName}. Create an {BlockOrDeny} {InboudOrOutbound} rule name {RuleName} which filters traffic from any {SourceType} to {DestinationType} on ports {Ports} and {Protocol}. Assign it a priority of {Priority}.","textParameters":["NSGName","Global.ResourceGroupName","Global.PrimaryRegion","Global.PrimaryVNEt","Global.PrimaryVNetSubnetName","BlockOrDeny","InboudOrOutbound","RuleName","SourceType","DestinationType","Ports","Protocol","Priority"],"urilist":[{"id":0,"uri":"https://management.azure.com/subscriptions/{Profile.SubscriptionId}/resourceGroups/{Global.ResourceGroupName}/providers/Microsoft.Network/networkSecurityGroups/{NSGName}?api-version=2020-05-01","calltype":"GET","uriParameters":["Profile.SubscriptionId","Global.ResourceGroupName","NSGName"],"requiresContributorAccess":false}],"justification":"Azure Network Security Groups allow you to define a set of rules that allow or deny traffic between two network endpoints, using NSG rules.","owner":null,"usefulLinks":["https://docs.microsoft.com/en-us/azure/virtual-network/security-overview"],"type":"Question"}