{"id":"f62471f5-d790-44a3-8db9-8857f0735e13","questionType":"MultiChoice","name":"Distinguish between different Azure Governance use cases","targettedazureservice":"Generic/No Specific Service","difficulty":1,"description":"Distinguish between different Azure Governance use cases","text":"Which of the below Governance options should you consider {UseCase}?","textParameters":["UseCase"],"urilist":[],"justification":"Governance of any infrastructure is extremely important. It is the foundation for ensuring your optimally manage, secure and monitor your Cloud infrastructure.","owner":null,"usefulLinks":["https://docs.microsoft.com/en-us/learn/modules/describe-azure-governance-methodologie/"],"type":"Question"}