{"id":"f7b016f5-3260-4b53-8b28-69d76459428f","questionType":"MultiChoice","name":"Distinguish between capabilities of Azure Information Protection","targettedazureservice":"Generic/No Specific Service","difficulty":1,"description":"Distinguish between capabilities of Azure Information Protection","text":"Which of the following options are true about Azure Information Protection?","textParameters":null,"urilist":[],"justification":"Azure Information Protection (AIP) is a cloud-based solution that enables organizations to classify and protect documents and emails by applying labels. Labels can be applied manually, automatically or though a combination of both.","owner":null,"usefulLinks":["https://docs.microsoft.com/en-us/azure/information-protection/what-is-information-protection","https://docs.microsoft.com/en-us/learn/modules/review-security-tools-features"],"type":"Question"}