{"id":"f83a04ec-f709-44b5-a068-523afb1527dd","questionType":"MultiChoice","name":"CapEx vs OpEx","targettedazureservice":"Generic/No Specific Service","difficulty":1,"description":"Identify which of the below are CapEx or OpEx","text":"Which of the below options are considered {CapExOrOpEx}?","textParameters":["CapExOrOpEx"],"urilist":[],"justification":"In general, you would like to reduce your CapEx and increase your OpEx. This allows an organization better agility and flexibility in their IT budget spend.","owner":null,"usefulLinks":["https://docs.microsoft.com/en-us/azure/cloud-adoption-framework/strategy/business-outcomes/fiscal-outcomes","https://docs.microsoft.com/en-us/learn/paths/explore-microsoft-azure-cloud-concepts/"],"type":"Question"}