{"id":"f8529f75-1f25-4990-9268-f9b593c1c81e","questionType":"MultiChoice","name":"Data Storage Use Cases","targettedazureservice":"Generic/No Specific Service","difficulty":1,"description":"Distinguish between Azure Data Service options and select the best option","text":"Which is the best Data Service option on Azure to store {DataCharacteristics}?","textParameters":["DataCharacteristics"],"urilist":[],"justification":"Depending on the data source, access patterns and data volumes, selecting the right Azure Data Service is critical for achieving your business goals. ","owner":null,"usefulLinks":["https://docs.microsoft.com/en-us/learn/modules/define-core-azure-services-products"],"type":"Question"}