{"id":"fda3f8b7-ca0c-4b41-8df7-09136fdcaeb9","questionType":"MultiChoice","name":"Distinguish between Azure AD Use Cases","targettedazureservice":"Generic/No Specific Service","difficulty":1,"description":"Distinguish between Azure AD Use Cases","text":"Which of the following are features of {AzureADServiceType}?","textParameters":["AzureADServiceType"],"urilist":[],"justification":"Azure Active Directory (Azure AD) is Microsoft’s cloud-based identity and access management service, which helps your users sign in and access resources across your environment.","owner":null,"usefulLinks":["https://docs.microsoft.com/en-us/azure/active-directory/fundamentals/active-directory-whatis"],"type":"Question"}