{"id":"ff86ed48-383b-4c29-9c54-217c7b6d3847","questionType":"API","name":"Create a Javascript Azure Function","targettedazureservice":"App Service","difficulty":1,"description":"Create a new Javascript Azure Function in an existing Function App","text":"Create a new Javascript function in the {Profile.UserNameHashed}func Function App. Name the Function {FunctionName} and make sure you allow unauthenticated calls to the Function. Your Function, when passed a name (ex. John) must reply \"{ReplyPattern}\".","textParameters":["Profile.UserNameHashed","FunctionName","ReplyPattern"],"urilist":[{"id":0,"uri":"https://management.azure.com/subscriptions/{Profile.SubscriptionId}/resourceGroups/{Global.ResourceGroupName}/providers/Microsoft.Web/sites/{Profile.UserNameHashed}func/functions/{FunctionName}?api-version=2019-08-01","calltype":"GET","uriParameters":["Profile.SubscriptionId","Global.ResourceGroupName","Profile.UserNameHashed","FunctionName"],"requiresContributorAccess":false},{"id":1,"uri":"https://{Profile.UserNameHashed}func.azurewebsites.net/api/{FunctionName}?name={Name}","calltype":"GET","uriParameters":["Profile.UserNameHashed","FunctionName","Name"],"requiresContributorAccess":false}],"justification":"Azure Functions allow you to run code in a Serverless manner, without the need of explicitly provisioning resources, and your code will be executed based on the trigger you enable.","owner":null,"usefulLinks":["https://docs.microsoft.com/en-us/azure/azure-functions/"],"type":"Question"}