{"id":"4e94d823-2602-42ec-91e2-c0a14332095b","associatedQuestionId":"3092c360-b618-4b07-b557-7c0348655eac","challengeId":"a248f711-db72-4659-b154-7f987ed2a05f","name":"Add a new Cosmos Db Account - Core API","targettedazureservice":"Cosmos DB","difficulty":1,"description":"Add a new publicly accessible Cosmos Db Account with the Core API. Question covers all possible options in the create account blade.","text":"Add a new Cosmos Db account named \"{Profile.UserNameHashed}cosmos\" in the {Global.ResourceGroupName} Resource Group and in the {Global.PrimaryRegion} Azure region. Enable the Free Tier Discount if available. Also {FlagAccountType} the {AccountType} Account Type, {FlagGeoDR} Geo-Redundancy, {FlagMultiRegion} Multi-Region Writes and {FlagAZs} Availability Zones. The account must be accessible from any network.","textParameters":{"Profile.UserNameHashed":null,"Global.ResourceGroupName":null,"Global.PrimaryRegion":null,"FlagAccountType":"enable","AccountType":"Non-Production","FlagGeoDR":"Disable","FlagMultiRegion":"disable","FlagAZs":"disable"},"justification":"Azure Cosmos DB is Microsoft's globally distributed, multi-model database service. With a click of a button, Cosmos DB enables you to elastically and independently scale throughput and storage across any number of Azure regions worldwide. You can elastically scale throughput and storage, and take advantage of fast, single-digit-millisecond data access using your favorite API including: SQL, MongoDB, Cassandra, Tables, or Gremlin. Cosmos DB provides comprehensive service level agreements (SLAs) for throughput, latency, availability, and consistency guarantees, something no other database service offers.","usefulLinks":["https://docs.microsoft.com/en-us/azure/cosmos-db/create-cosmosdb-resources-portal"],"urilist":[{"id":0,"uri":"https://management.azure.com/subscriptions/{Profile.SubscriptionId}/resourceGroups/{Global.ResourceGroupName}/providers/Microsoft.DocumentDB/databaseAccounts/{Profile.UserNameHashed}cosmos?api-version=2019-12-12","calltype":"GET","uriParameters":{"Profile.SubscriptionId":null,"Global.ResourceGroupName":null,"Profile.UserNameHashed":null},"requiresContributorAccess":false}],"answerlist":[{"associatedquestionid":0,"answers":[{"Key":"location","Value":"West Europe","ErrorMessage":"Location is incorrect"},{"Key":"tags.CosmosAccountType","Value":"Non-Production","ErrorMessage":"Account type is not Non-Production"},{"Key":"properties.enableAutomaticFailover","Value":"false","ErrorMessage":"Geo-DR is not disabled"},{"Key":"properties.enableMultipleWriteLocations","Value":"false","ErrorMessage":"Multi-Region Writes is not disabled"},{"Key":"properties.publicNetworkAccess","Value":"Enabled","ErrorMessage":"The account is not accessible from any network"},{"Key":"properties.provisioningState","Value":"Succeeded","ErrorMessage":"Provisioning has not completed yet."}],"responsetype":"BODY"}],"type":"AssignedQuestion"}