{"id":"4b853f66-77b5-4d95-a4ef-42ea932f589b","questionType":"API","associatedQuestionId":"ffc7ec62-5cd3-4a3f-9400-b6ee2a8ef05c","challengeId":"a248f711-db72-4659-b154-7f987ed2a05f","name":"Change the throughput of a Core API Container","targettedazureservice":"Cosmos DB","difficulty":1,"description":"Change the throughput of a specific Core API Container on a specific database/account","text":"Change the throughput of the {Global.CosmosDbPrimaryContainer} in the {Global.CosmosDbPrimaryDatabase} of the {Profile.UserNameHashed}cosmos Cosmos Db account to {RUs} RUs.","textParameters":{"Global.CosmosDbPrimaryContainer":null,"Global.CosmosDbPrimaryDatabase":null,"Profile.UserNameHashed":null,"RUs":"500"},"justification":"The cost of all database operations is normalized by Azure Cosmos DB and is expressed by Request Units (or RUs, for short). You can think of RUs per second as the currency for throughput. RUs per second is a rate-based currency. It abstracts the system resources such as CPU, IOPS, and memory that are required to perform the database operations supported by Azure Cosmos DB.","usefulLinks":["https://docs.microsoft.com/en-us/azure/cosmos-db/request-units"],"urilist":[{"id":0,"uri":"https://management.azure.com/subscriptions/{Profile.SubscriptionId}/resourceGroups/{Global.ResourceGroupName}/providers/Microsoft.DocumentDB/databaseAccounts/{Profile.UserNameHashed}cosmos/sqlDatabases/{Global.CosmosDbPrimaryDatabase}/containers/{Global.CosmosDbPrimaryContainer}/throughputSettings/default?api-version=2019-12-12","calltype":"GET","uriParameters":{"Profile.SubscriptionId":null,"Global.ResourceGroupName":"null","Profile.UserNameHashed":null,"Global.CosmosDbPrimaryDatabase":"null","Global.CosmosDbPrimaryContainer":"null"},"requiresContributorAccess":false}],"answerlist":[{"associatedquestionid":0,"answers":[{"Key":"properties.resource.throughput","Value":"500","ErrorMessage":"Throughput is not correct"}],"responsetype":"BODY"}],"type":"AssignedQuestion"}