{"id":"4be281b8-0422-4137-a5b5-d694f07fcd0a","associatedQuestionId":"ca155252-283f-48aa-b8a5-a711e6ed3e6e","challengeId":"a248f711-db72-4659-b154-7f987ed2a05f","name":"Add a new Container to the Cosmos Db Database","targettedazureservice":"Cosmos DB","difficulty":1,"description":"Add a new Container in an existing database, with manual throughput and specific Partition Key","text":"Add a new container in your {Global.CosmosDbPrimaryDatabase} database. The container should be named {Global.CosmosDbPrimaryContainer} with a Partition Key of /{Global.CosmosDbPrimaryContainerPartitionKey}. Provision {RUs} RUs without enabling Autopilot.","textParameters":{"Global.CosmosDbPrimaryDatabase":null,"Global.CosmosDbPrimaryContainer":"MyFirstContainer","Global.CosmosDbPrimaryContainerPartitionKey":"PartKey","RUs":"400"},"justification":"An Azure Cosmos container is the unit of scalability both for provisioned throughput and storage. A container is horizontally partitioned and then replicated across multiple regions. The items that you add to the container and the throughput that you provision on it are automatically distributed across a set of logical partitions based on the partition key.","usefulLinks":["https://docs.microsoft.com/en-us/azure/cosmos-db/create-cosmosdb-resources-portal","https://docs.microsoft.com/en-us/azure/cosmos-db/databases-containers-items#azure-cosmos-containers"],"urilist":[{"id":0,"uri":"https://{Profile.UserNameHashed}cosmos.documents.azure.com/dbs/{Global.CosmosDbPrimaryDatabase}/colls/{Global.CosmosDbPrimaryContainer}","calltype":"GET","uriParameters":{"Profile.UserNameHashed":null,"Global.CosmosDbPrimaryDatabase":null,"Global.CosmosDbPrimaryContainer":"MyFirstContainer","ResourceGroupName":"MyTestResourceGroup"},"requiresContributorAccess":true},{"id":1,"uri":"https://{Profile.UserNameHashed}cosmos.documents.azure.com/offers","calltype":"GET","uriParameters":{"Profile.UserNameHashed":null,"ResourceGroupName":"MyTestResourceGroup","DatabaseName":"MyFirstDatabase","CollectionName":"MyFirstContainer"},"requiresContributorAccess":false}],"answerlist":[{"associatedquestionid":0,"answers":null,"responsetype":"BODY"},{"associatedquestionid":0,"answers":[{"Key":"Offers.content.offerThroughput","Value":"400","ErrorMessage":"Throughput is not correct"}],"responsetype":"BODY"}],"type":"AssignedQuestion"}