{"id":"79cea2da-2a95-49e1-9ae4-fa7106e51d40","questionType":"API","associatedQuestionId":"d4cb46da-d476-46a3-8563-392363d1a195","challengeId":"a248f711-db72-4659-b154-7f987ed2a05f","name":"Add a Resource Group","targettedazureservice":"Resource Management","difficulty":1,"description":"Add a Resource Group with a specific name at a specific location","text":"Create a resource group with the name \"{Global.ResourceGroupName}\" in {Global.PrimaryRegion}.","textParameters":{"Global.ResourceGroupName":"MyTestResourceGroup","Global.PrimaryRegion":"West Europe"},"justification":"A Resource Group is a container that holds related resources for an Azure solution. The resource group includes those resources that you want to manage as a group. You decide which resources belong in a resource group based on what makes the most sense for your organization","usefulLinks":["https://docs.microsoft.com/en-us/azure/azure-resource-manager/management/overview#resource-groups"],"urilist":[{"id":0,"uri":"https://management.azure.com/subscriptions/{Profile.SubscriptionId}/resourcegroups/{Global.ResourceGroupName}?api-version=2019-10-01","calltype":"GET","uriParameters":{"Profile.SubscriptionId":null,"Global.ResourceGroupName":"MyTestResourceGroup"},"requiresContributorAccess":false}],"answerlist":[{"associatedquestionid":0,"answers":null,"responsetype":"BODY"}],"type":"AssignedQuestion"}