{"id":"7ba4b919-2cc3-4f4d-8111-bf707860053a","associatedQuestionId":"60192ab2-e8d2-4873-93cb-f4d4044d2bcd","challengeId":"a248f711-db72-4659-b154-7f987ed2a05f","name":"Attach a specific Cosmos Db account to a specific VNet/Subnet","targettedazureservice":"Cosmos DB","difficulty":1,"description":"Attach a specific Cosmos Db account to a specific Virtual Network and Subnet","text":"Configure your {Profile.UserNameHashed}cosmos Cosmos Db account to communicate over a Virtual Network. Please connect your Comsos Db account to the {Global.PrimaryVNEt} virtual network, in the {CosmosDbSubnet} subnet. You might need to create the subnet if it does not exist. Please {EnableDisableAzureServices} connections from within public Azure datacenters. Make sure the account is accessible from the Azure Portal (otherwise you will be unable to continue with the rest of the questions).","textParameters":{"Profile.UserNameHashed":null,"Global.PrimaryVNEt":null,"CosmosDbSubnet":"cosmosSubnet","EnableDisableAzureServices":"enable"},"justification":"You can configure the Azure Cosmos account to allow access only from a specific subnet of virtual network (VNet). By enabling Service endpoint to access Azure Cosmos DB on the subnet within a virtual network, the traffic from that subnet is sent to Azure Cosmos DB with the identity of the subnet and Virtual Network. Once the Azure Cosmos DB service endpoint is enabled, you can limit access to the subnet by adding it to your Azure Cosmos account.","usefulLinks":["https://docs.microsoft.com/en-us/azure/cosmos-db/vnet-service-endpoint"],"urilist":[{"id":0,"uri":"https://management.azure.com/subscriptions/{Profile.SubscriptionId}/resourceGroups/{Global.ResourceGroupName}/providers/Microsoft.DocumentDB/databaseAccounts/{Profile.UserNameHashed}cosmos?api-version=2019-12-12","calltype":"GET","uriParameters":{"Profile.SubscriptionId":null,"Global.ResourceGroupName":"null","Profile.UserNameHashed":null},"requiresContributorAccess":false}],"answerlist":[{"associatedquestionid":0,"answers":[{"Key":"properties.virtualNetworkRules.id","Value":"/subscriptions/{Profile.SubscriptionId}/resourceGroups/{Global.ResourceGroupName}/providers/Microsoft.Network/virtualNetworks/{Global.PrimaryVNEt}/subnets/{CosmosDbSubnet}","ErrorMessage":"The database is not connected to the cosmosSubnet."},{"Key":"properties.ipRangeFilter","Value":"0.0.0.0","ErrorMessage":"You have not enabled access from within public Azure datacenters."}],"responsetype":"BODY"}],"type":"AssignedQuestion"}