{"id":"e7d2a1ef-3946-4d0f-9698-5e55301f68a0","associatedQuestionId":"9f56f1e9-50d6-4f24-bb3b-e4ad46399e06","challengeId":"a248f711-db72-4659-b154-7f987ed2a05f","name":"Add a specific document in a specific Cosmos Db collection","targettedazureservice":"Cosmos DB","difficulty":1,"description":"Add Add a specific document in a specific Cosmos Db collection","text":"Add a new document in the {Global.CosmosDbPrimaryContainer} container. The document must include the following properties and values: \"id\" with value \"{IdValue}\", \"{Property2}\" with value \"{Value2}\" and \"{Global.CosmosDbPrimaryContainerPartitionKey}\" with value \"{Value3}\". Also include a nested JSON object named \"{NestedObjectName}\" with two properties: \"{NestedProperty1}\" with value \"{NestedValue1}\" and \"{NestedProperty2}\" with \"{NestedValue2}\".","textParameters":{"Global.CosmosDbPrimaryContainer":null,"IdValue":"TestDoc","Property2":"Name","Value2":"John Doe","Global.CosmosDbPrimaryContainerPartitionKey":null,"Value3":"Person","NestedObjectName":"Address","NestedProperty1":"Street","NestedValue1":"One Microsoft Way","NestedProperty2":"City","NestedValue2":"Redmond"},"justification":"You just added your first document in a Cosmos Db container! Now you can query or manipulate that item as in any database!","usefulLinks":["https://docs.microsoft.com/en-us/azure/cosmos-db/databases-containers-items#azure-cosmos-items"],"urilist":[{"id":0,"uri":"https://{Profile.UserNameHashed}cosmos.documents.azure.com/dbs/{Global.CosmosDbPrimaryDatabase}/colls/{Global.CosmosDbPrimaryContainer}/docs/{IdValue}","calltype":"GET","uriParameters":{"Profile.UserNameHashed":null,"Global.CosmosDbPrimaryDatabase":null,"Global.CosmosDbPrimaryContainer":null,"IdValue":"TestDoc","ResourceGroupName":"MyTestResourceGroup","PartitionKey":"Person"},"requiresContributorAccess":false}],"answerlist":[{"associatedquestionid":0,"answers":[{"Key":"Name","Value":"John Doe","ErrorMessage":"Name is incorrect"},{"Key":"Address.Street","Value":"One Microsoft Way","ErrorMessage":"Address is incorrect"},{"Key":"Address.City","Value":"Redmond","ErrorMessage":"City is incorrect"}],"responsetype":"BODY"}],"type":"AssignedQuestion"}