{"id":"a248f711-db72-4659-b154-7f987ed2a05f","name":"Cosmos Db Core API Starter","description":"Cosmos Db Entry Level challenge. After completing this challenge, you will be able to create, use and manage a Cosmos Db Core API Database","isPublic":true,"isLocked":true,"questions":[{"id":"79cea2da-2a95-49e1-9ae4-fa7106e51d40","associatedQuestionId":"d4cb46da-d476-46a3-8563-392363d1a195","name":"Add a Resource Group","difficulty":1,"description":"Add a Resource Group with a specific name at a specific location","index":0,"nextQuestionId":"4e94d823-2602-42ec-91e2-c0a14332095b"},{"id":"4e94d823-2602-42ec-91e2-c0a14332095b","associatedQuestionId":"3092c360-b618-4b07-b557-7c0348655eac","name":"Add a new Cosmos Db Account - Core API","difficulty":1,"description":"Add a new publicly accessible Cosmos Db Account with the Core API. Question covers all possible options in the create account blade.","index":1,"nextQuestionId":"44b352cb-d8ad-4999-8fc5-c0817b05f871"},{"id":"44b352cb-d8ad-4999-8fc5-c0817b05f871","associatedQuestionId":"f83391cb-0139-4b32-a56d-a4a4f934345d","name":"Add Database to Cosmos Db Account","difficulty":1,"description":" Add a new Database to an existing Cosmos Db Account with a specific name. Should not have Provisioned Throughput","index":2,"nextQuestionId":"4be281b8-0422-4137-a5b5-d694f07fcd0a"},{"id":"4be281b8-0422-4137-a5b5-d694f07fcd0a","associatedQuestionId":"ca155252-283f-48aa-b8a5-a711e6ed3e6e","name":"Add a new Container to the Cosmos Db Database","difficulty":1,"description":"Add a new Container in an existing database, with manual throughput and specific Partition Key","index":3,"nextQuestionId":"e7d2a1ef-3946-4d0f-9698-5e55301f68a0"},{"id":"e7d2a1ef-3946-4d0f-9698-5e55301f68a0","associatedQuestionId":"9f56f1e9-50d6-4f24-bb3b-e4ad46399e06","name":"Add a specific document in a specific Cosmos Db collection","difficulty":1,"description":"Add Add a specific document in a specific Cosmos Db collection","index":4,"nextQuestionId":"59f74f69-4cca-4d83-b19b-d7ea92dd7f7c"},{"id":"59f74f69-4cca-4d83-b19b-d7ea92dd7f7c","associatedQuestionId":"6587a754-a423-4d01-a59e-7a2cd0064d00","name":"Change the default consistency of a Cosmos Db Account","difficulty":1,"description":"Change the default consistency of a specific Cosmos Db Account","index":5,"nextQuestionId":"4b853f66-77b5-4d95-a4ef-42ea932f589b"},{"id":"4b853f66-77b5-4d95-a4ef-42ea932f589b","associatedQuestionId":"ffc7ec62-5cd3-4a3f-9400-b6ee2a8ef05c","name":"Change the throughput of a Core API Container","difficulty":1,"description":"Change the throughput of a specific Core API Container on a specific database/account","index":6,"nextQuestionId":"de3c75b0-fed8-4534-b1c6-90c099dff791"},{"id":"de3c75b0-fed8-4534-b1c6-90c099dff791","associatedQuestionId":"b26216a6-325f-4881-b82f-e5f1573662c1","name":"Change the TTL on a Core API Cosmos Db Container","difficulty":1,"description":"Change the default Time-To-Live on a specific Core API (SQL) Container in a specific Cosmos Db Database/Account","index":7,"nextQuestionId":"89cd2a96-9544-4e2c-9d06-1e90c15e8735"},{"id":"89cd2a96-9544-4e2c-9d06-1e90c15e8735","associatedQuestionId":"fd4567ad-2070-49e4-a94f-1974ff730d09","name":"Create a VNET in a specific Resource Group and Region","difficulty":1,"description":"Create a Virtual Network in a specific Resource Group and Azure Region with specific configuration","index":8,"nextQuestionId":"7ba4b919-2cc3-4f4d-8111-bf707860053a"},{"id":"7ba4b919-2cc3-4f4d-8111-bf707860053a","associatedQuestionId":"60192ab2-e8d2-4873-93cb-f4d4044d2bcd","name":"Attach a specific Cosmos Db account to a specific VNet/Subnet","difficulty":1,"description":"Attach a specific Cosmos Db account to a specific Virtual Network and Subnet","index":9,"nextQuestionId":null}],"azureCategory":"Databases","type":"Challenge"}