{"id":"a248f711-db72-4659-b154-7f987ed2a05f","parameters":[{"key":"ResourceGroupName","value":"MyTestResourceGroup","assignedToQuestion":3},{"key":"PrimaryRegion","value":"West Europe","assignedToQuestion":3},{"key":"CosmosDbPrimaryDatabase","value":"MyFirstDatabase","assignedToQuestion":4},{"key":"CosmosDbPrimaryContainer","value":"MyFirstContainer","assignedToQuestion":4},{"key":"CosmosDbPrimaryContainerPartitionKey","value":"PartKey","assignedToQuestion":2},{"key":"PrimaryVNEt","value":"TestVNet","assignedToQuestion":2},{"key":"PrimaryVNetAddressSpace","value":"192.168.0.0/16","assignedToQuestion":1},{"key":"PrimaryVNetDefaultSubnetName","value":"TestSubNet","assignedToQuestion":1},{"key":"PrimaryVNetDefaultSubnetAddressSpace","value":"192.168.0.0/24","assignedToQuestion":1}],"type":"GlobalChallengeParameters"}