{"id":"6587a754-a423-4d01-a59e-7a2cd0064d00","name":"Change the default consistency of a Cosmos Db Account","targettedazureservice":"Cosmos DB","difficulty":1,"description":"Change the default consistency of a specific Cosmos Db Account","text":"By default, the {Profile.UserNameHashed}cosmos Cosmos Db account is set to a consistency of SESSION. Please change the default consistency to {ConsistencyLevel}.","textParameters":["Profile.UserNameHashed","ConsistencyLevel"],"urilist":[{"id":0,"uri":"https://management.azure.com/subscriptions/{Profile.SubscriptionId}/resourceGroups/{Global.ResourceGroupName}/providers/Microsoft.DocumentDB/databaseAccounts/{Profile.UserNameHashed}cosmos?api-version=2019-12-12","calltype":"GET","uriParameters":["Profile.SubscriptionId","Global.ResourceGroupName","Profile.UserNameHashed","ResourceGroupName"],"requiresContributorAccess":false}],"justification":"Distributed databases that rely on replication for high availability, low latency, or both, make the fundamental tradeoff between the read consistency vs. availability, latency, and throughput. Most commercially available distributed databases ask developers to choose between the two extreme consistency models: strong consistency and eventual consistency. The linearizability of the strong consistency model is the gold standard of data programmability. But it adds a price of higher write latency (in steady state) and reduced availability (during failures). On the other hand, eventual consistency offers higher availability and better performance, but makes it hard to program applications.\r\n\r\nAzure Cosmos DB approaches data consistency as a spectrum of choices instead of two extremes. Developers can use these options to make precise choices and granular tradeoffs with respect to high availability and performance.\r\n\r\nWith Azure Cosmos DB, developers can choose from five well-defined consistency levels on the consistency spectrum. These levels include strong, bounded staleness, session, consistent prefix, and eventual consistency. The levels are well-defined and intuitive and can be used for specific real-world scenarios. Each level provides availability and performance tradeoffs and are backed by SLAs.","owner":null,"usefulLinks":["https://docs.microsoft.com/en-us/azure/cosmos-db/how-to-manage-consistency?tabs=portal%2Cdotnetv2%2Cjavaasync#configure-the-default-consistency-level","https://docs.microsoft.com/en-us/azure/cosmos-db/consistency-levels"],"type":"Question"}