{"id":"9f56f1e9-50d6-4f24-bb3b-e4ad46399e06","questionType":"API","name":"Add a specific document in a specific Cosmos Db collection","targettedazureservice":"Cosmos DB","difficulty":1,"description":"Add Add a specific document in a specific Cosmos Db collection","text":"Add a new document in the {Global.CosmosDbPrimaryContainer} container. The document must include the following properties and values: \"id\" with value \"{IdValue}\", \"{Property2}\" with value \"{Value2}\" and \"{Global.CosmosDbPrimaryContainerPartitionKey}\" with value \"{Value3}\". Also include a nested JSON object named \"{NestedObjectName}\" with two properties: \"{NestedProperty1}\" with value \"{NestedValue1}\" and \"{NestedProperty2}\" with \"{NestedValue2}\".","textParameters":["Global.CosmosDbPrimaryContainer","IdValue","Property2","Value2","Global.CosmosDbPrimaryContainerPartitionKey","Value3","NestedObjectName","NestedProperty1","NestedValue1","NestedProperty2","NestedValue2"],"urilist":[{"id":0,"uri":"https://{Profile.UserNameHashed}cosmos.documents.azure.com/dbs/{Global.CosmosDbPrimaryDatabase}/colls/{Global.CosmosDbPrimaryContainer}/docs/{IdValue}","calltype":"GET","uriParameters":["Profile.UserNameHashed","Global.CosmosDbPrimaryDatabase","Global.CosmosDbPrimaryContainer","IdValue","ResourceGroupName","PartitionKey"],"requiresContributorAccess":false}],"justification":"You just added your first document in a Cosmos Db container! Now you can query or manipulate that item as in any database!","owner":null,"usefulLinks":["https://docs.microsoft.com/en-us/azure/cosmos-db/databases-containers-items#azure-cosmos-items"],"type":"Question"}