{"id":"b26216a6-325f-4881-b82f-e5f1573662c1","questionType":"API","name":"Change the TTL on a Core API Cosmos Db Container","targettedazureservice":"Cosmos DB","difficulty":1,"description":"Change the default Time-To-Live on a specific Core API (SQL) Container in a specific Cosmos Db Database/Account","text":"Change the Time-To-Live (TTL) on the {Global.CosmosDbPrimaryContainer}  container in the {Global.CosmosDbPrimaryDatabase} Cosmos Db database to {TTLSetting} {TTLValueIfSetToOn}","textParameters":["Global.CosmosDbPrimaryContainer","Global.CosmosDbPrimaryDatabase","TTLSetting","TTLValueIfSetToOn"],"urilist":[{"id":0,"uri":"https://management.azure.com/subscriptions/{Profile.SubscriptionId}/resourceGroups/{Global.ResourceGroupName}/providers/Microsoft.DocumentDB/databaseAccounts/{Profile.UserNameHashed}cosmos/sqlDatabases/{Global.CosmosDbPrimaryDatabase}/containers/{Global.CosmosDbPrimaryContainer}?api-version=2019-12-12","calltype":"GET","uriParameters":["Profile.SubscriptionId","Global.ResourceGroupName","Profile.UserNameHashed","Global.CosmosDbPrimaryDatabase","Global.CosmosDbPrimaryContainer"],"requiresContributorAccess":false}],"justification":"With Time to Live or TTL, Azure Cosmos DB provides the ability to delete items automatically from a container after a certain time period. By default, you can set time to live at the container level and override the value on a per-item basis. After you set the TTL at a container or at an item level, Azure Cosmos DB will automatically remove these items after the time period, since the time they were last modified. Time to live value is configured in seconds. When you configure TTL, the system will automatically delete the expired items based on the TTL value, without needing a delete operation that is explicitly issued by the client application.","owner":null,"usefulLinks":["https://docs.microsoft.com/en-us/azure/cosmos-db/time-to-live"],"type":"Question"}