{"id":"f83391cb-0139-4b32-a56d-a4a4f934345d","questionType":"API","name":"Add Database to Cosmos Db Account","targettedazureservice":"Cosmos DB","difficulty":1,"description":" Add a new Database to an existing Cosmos Db Account with a specific name. Should not have Provisioned Throughput","text":"Add a new Database called {Global.CosmosDbPrimaryDatabase} to the {Profile.UserNameHashed}cosmos account. The database should not have Provisioned throughput enabled. ","textParameters":["Global.CosmosDbPrimaryDatabase","Profile.UserNameHashed"],"urilist":[{"id":0,"uri":"https://{Profile.UserNameHashed}cosmos.documents.azure.com/dbs/{Global.CosmosDbPrimaryDatabase}","calltype":"GET","uriParameters":["Profile.UserNameHashed","Global.CosmosDbPrimaryDatabase","ResourceGroupName"],"requiresContributorAccess":true}],"justification":"You can create one or multiple Azure Cosmos databases under your account. A database is analogous to a namespace. A database is the unit of management for a set of Azure Cosmos containers. The following table shows how an Azure Cosmos database is mapped to various API-specific entities.","owner":null,"usefulLinks":["https://docs.microsoft.com/en-us/azure/cosmos-db/create-cosmosdb-resources-portal","https://docs.microsoft.com/en-us/azure/cosmos-db/databases-containers-items#azure-cosmos-databases"],"type":"Question"}