{"id":"fd4567ad-2070-49e4-a94f-1974ff730d09","name":"Create a VNET in a specific Resource Group and Region","targettedazureservice":"Virtual Networks","difficulty":1,"description":"Create a Virtual Network in a specific Resource Group and Azure Region with specific configuration","text":"Create a new Virtual Network called {Global.PrimaryVNEt} in the {Global.ResourceGroupName} Resource Group. The Virtual Network should be deployed in {Global.PrimaryRegion}. The Virtual Network should have an IP Address Space of {Global.PrimaryVNetAddressSpace} and two subnets: one called {Global.PrimaryVNetDefaultSubnetName} with an address space of {Global.PrimaryVNetDefaultSubnetAddressSpace} and one called {SecondarySubnetName} with an address space of {SecondaryAddressSpace}. ","textParameters":["Global.PrimaryVNEt","Global.ResourceGroupName","Global.PrimaryRegion","Global.PrimaryVNetAddressSpace","Global.PrimaryVNetDefaultSubnetName","Global.PrimaryVNetDefaultSubnetAddressSpace","SecondarySubnetName","SecondaryAddressSpace"],"urilist":[{"id":0,"uri":"https://management.azure.com/subscriptions/{Profile.SubscriptionId}/resourceGroups/{Global.ResourceGroupName}/providers/Microsoft.Network/virtualNetworks/{Global.PrimaryVNEt}?api-version=2020-04-01","calltype":"GET","uriParameters":["Profile.SubscriptionId","Global.ResourceGroupName","Global.PrimaryVNEt"],"requiresContributorAccess":false}],"justification":"Azure Virtual Network (VNet) is the fundamental building block for your private network in Azure. VNet enables many types of Azure resources, such as Azure Virtual Machines (VM), to securely communicate with each other, the internet, and on-premises networks. VNet is similar to a traditional network that you'd operate in your own data center, but brings with it additional benefits of Azure's infrastructure such as scale, availability, and isolation.","owner":null,"usefulLinks":["https://docs.microsoft.com/en-us/azure/virtual-network/virtual-networks-overview"],"type":"Question"}